id,text,labels
w201106-0001277619-1,布川事件を描いたドキュメンタリー映画「ショージとタカオ」の試写会に行ってきました。,"[[19, 23], [24, 27]]"
w201106-0001292454-3,東京・霞が関の国交省で、小泉俊明政務官から近藤隆則高梁市長に認定証が手渡された。,"[[12, 16], [21, 25]]"
w201106-0001231705-1,こんにちはソロルファクトリーのサトウナオコです。,"[[15, 21]]"
w201106-0001241209-2,土俵入りの型には雲龍型と不知火型がある。,"[[8, 10], [12, 15]]"
w201106-0001241209-3,それぞれ１０代横綱・雲龍久吉と１１代横綱・不知火光右衛門の型が伝えられたものであるとされている。,"[[10, 14], [21, 28]]"
w201106-0001290480-1,藩命にて武器や軍艦の買い付けに長崎へとやってきた土佐藩参政・後藤象二郎の居宅跡です。,"[[30, 35]]"
w201106-0001290480-2,後に岩崎弥太郎が譲り受けました。,"[[2, 7]]"
w201106-0001243550-1,ジェイデータは、前米副大統領アルバート・ゴア・ジュニア氏が同社の戦略顧問に就任したと発表した。,"[[14, 19], [20, 22], [23, 27]]"
w201106-0001243550-3,また、副大統領時代の経済および情報通信戦略顧問だったグレッグ・サイモン氏もゴア氏の補佐役として実務面を担当する。,"[[26, 30], [31, 35], [37, 39]]"
w201106-0001288227-2,江泊地区では最初の干拓地で、右田毛利［みぎたもうり］氏が干拓を行いました。,"[[14, 18], [19, 25]]"
w201106-0001225774-3,で昨夜、僕のホームページからリンクしているのほほんさんのホームページを久しぶりに訪問したんです。,"[[21, 25]]"
w201106-0001272572-3,トラン・アン・ユンは、キリストをめぐる物語『アイ・カム・ウィズ・ザ・レイン』を助走にして本作に挑んだ。,"[[0, 3], [4, 6], [7, 9]]"
w201106-0001298357-1,かねこ洋一の政治活動にご支援いただける後援会員を募集しております。,"[[0, 5]]"
w201106-0001225563-3,将来は斎藤一軍投手コーチのような活躍を目指したい。,"[[3, 5]]"
w201106-0001213710-1-01,異彩を放つのが東北楽天ドラフト１位の左腕・塩見貴洋投手だ。,"[[21, 25]]"
w201106-0001213710-2,塩見はストレートはもちろんだが、カーブ、チェンジアップなどの変化球と制球力を高く評価されてきた。,"[[0, 2]]"
w201106-0001202383-1,米大統領選の民主党候補指名を争うクリントン上院議員に対してオバマ上院議員が怒った。,"[[16, 21], [29, 32]]"
w201106-0001202383-2,オバマ氏の失言を執拗に追及するクリントン氏の戦術が腹に据えかねたよう。,"[[0, 3], [15, 20]]"
w201106-0001270488-1,ハゲる条件を素に、国民的親父の磯野波平さんを分析してみました。,"[[15, 19]]"
w201106-0001270488-2,波平さんはどうしてハゲたのか。,"[[0, 2]]"
w201106-0001270488-3,波平さんのは、どこからハゲたのか。,"[[0, 2]]"
w201106-0001284480-1,内沼幸雄鑑定人による宮崎勤の精神鑑定書のなかに次のような一節がある。,"[[0, 4], [10, 13]]"
w201106-0001287225-2,左手の無いトレーシーが、カッコいいカラテの型を見せる異色のサスペンスである。,"[[5, 10]]"
w201106-0001252141-1,怒っているシーくんを、私は見たことがありません。,"[[5, 7]]"
w201106-0001252141-2,去年も同じシチュエーションでシーくんを撮りました。,"[[14, 16]]"
w201106-0001276618-1,今週の日曜メルマガは谷崎が担当です。,"[[10, 12]]"
w201106-0001213903-1,宿敵・鬼州組六代目は、凄腕の鉄人・海腐に決定した。,"[[17, 19]]"
w201106-0001213903-2,一方、新鮮組は生倉のクーデターで、ドンは三代目の座をあっさり放棄してしまう。,"[[7, 9]]"
w201106-0001216842-1,１９８７年に井上山の西斜面から偶然見つかった経塚［きょうづか］です。,"[[6, 8]]"
w201106-0001248861-3,●本ツアーはおひとり参加の旅行クラブ「ララの旅」のツアーです。,"[[19, 21]]"
w201106-0001228039-1,夏目漱石は作家として、かなりの知名度がありますよね。,"[[0, 4]]"
w201106-0001228039-2,漱石のエピソードは色々ありますが、ここで幾つかご紹介しましょう。,"[[0, 2]]"
w201106-0001246195-1,作家志望の青年スティンゴは同じアパートの住人、ポーランド人のソフィーとユダヤ人のネイサンと知り合う。,"[[7, 12], [30, 34], [40, 44]]"
w201106-0001246195-3,ソフィーが選択してしまったコトは、その後の人生に何の価値も見出せなかったんやろうな。,"[[0, 4]]"
w201106-0001275158-2,社外監査役の桑原道夫氏が、５月の株主総会および取締役会で代表取締役社長に就任する予定である。,"[[6, 10]]"
w201106-0001275158-3,新社長に就任予定の桑原氏は丸紅副社長、丸紅米国の社長を歴任するなど国際派である。,"[[9, 11]]"
w201106-0001239347-1,中日・平井正史投手が１日、名古屋市内の球団事務所で契約更改交渉に臨み、１０００万増の７０００万円でサインした。,"[[3, 7]]"
w201106-0001284985-1,製本家の内田由紀子さんのワークショップがあります。,"[[4, 9]]"
w201106-0001236107-1-01,むかしむかし、あるところに、伝次という名のおじいさんが住んでいました。,"[[14, 16]]"
w201106-0001236107-1-02,でんじ,"[[0, 3]]"
w201106-0001203816-1,柴田牧場の前にかわいい店を構えている。,"[[0, 2]]"
w201106-0001203816-3,ピカタの森アイス工房とは、同じ柴田牧場の牛乳を使用している。,"[[15, 17]]"
w201106-0001233240-2,梨木さんの作品はとても惹きつけられる。,"[[0, 2]]"
w201106-0001573022-1,現パナソニックの松下電器産業が作った人材派遣会社が松下エクセルスタッフ株式会社になります。,"[[8, 10], [25, 27]]"
w201106-0001573022-2,紹介される企業には松下グループはもちろん、優良企業もたくさん用意されています。,"[[9, 11]]"
w201106-0001529878-1,故野村兼太郎教授が収集した古文書を中心に収蔵しています。,"[[1, 6]]"
w201106-0001571391-2,これに対する財務省の見解に筆者は注目していたが、どうやら野田財務大臣は歓迎の意向である。,"[[28, 30]]"
w201106-0001582755-1,むらずみ経営ではウェブサイトをご覧いただいた方に、会員サービスをご案内させていただいております。,"[[0, 4]]"
w201106-0001574217-1,鹿追で今仏太が一番気に入っているところが、ここ花のやだ。,"[[4, 6]]"
w201106-0001574217-2,どの料理も仏太の舌に合うのだ。,"[[5, 7]]"
w201106-0001563960-2,設計は安藤忠雄で、１９９２年に開館した。,"[[3, 7]]"
w201106-0001520253-1-01,藍沢耕作は、絹江が相変わらずはっきりと教えてくれないことに苦悩していた。,"[[0, 4], [6, 8]]"
w201106-0001520253-1-02,山下智久,"[[0, 4]]"
w201106-0001520253-1-03,島かおり,"[[0, 4]]"
w201106-0001520253-2-01,一方、冴島はるかの恋人、悟史には“その時”が間近に迫る。,"[[3, 8], [12, 14]]"
w201106-0001520253-2-02,比嘉愛未,"[[0, 4]]"
w201106-0001520253-2-03,平山浩行,"[[0, 4]]"
w201106-0001520253-3,すでに悟史は個室に移され、彼の両親やたくさんの友人たちも呼ばれた。,"[[3, 5]]"
w201106-0001500427-3,日本の子供たちがドラえもんやちびまる子ちゃんが好きなように、中国の子供たちは西遊記が大好きです。,"[[16, 19]]"
w201106-0001538928-1,ヴィクトル・オルテガはエスタニシラオ・ヴィルカという男を案内役に抜擢した。,"[[0, 5], [6, 10], [11, 18], [19, 23]]"
w201106-0001538928-2,ヴィルカは国境付近のサバヤ地域一帯の地理に精通しており、共産党員でもあった。,"[[0, 4]]"
w201106-0001501629-1-01,内藤記念くすり博物館は、１月２６日にリニューアルオープンしました。,"[[0, 2]]"
w201106-0001578264-1,１９９０年に株式会社天来書院を創立しました。,"[[10, 12]]"
w201106-0001578264-3,２０００年４月から約２年間、望月町天来記念館の館長を勤めました。,"[[17, 19]]"
w201106-0001528485-1,マミとの約束の朝がやってきた。,"[[0, 2]]"
w201106-0001556993-1-01,『盲導犬クイールの一生』は、秋元良平・石黒謙吾による写真集である。,"[[14, 18], [19, 23]]"
w201106-0001546150-3-01,これらの成果は後の時代の、契沖・賀茂真淵などに引き継がれていきました。,"[[13, 15], [16, 20]]"
w201106-0001546150-3-02,けいちゅう,"[[0, 5]]"
w201106-0001546150-3-03,かものまぶち,"[[0, 6]]"
w201106-0001544587-3,地球政府は古代進を艦長とする宇宙戦艦ヤマトを調査のために派遣する。,"[[5, 8]]"
w201106-0001543956-1-02,第１部会、部会長、坂本多加雄・学習院大学教授,"[[9, 14]]"
w201106-0001589509-1,笑門開運をもっとうにする笑門占術秦流では占い師を養成いたします。,"[[16, 17]]"
w201106-0001589509-2,秦流では易学と九星学を基本として、東洋系の占いをご教授いたします。,"[[0, 1]]"
w201106-0001589509-3,笑門占術秦流では占いだけではなく教養として和歌や邦楽等の芸事が必要だと考えています。,"[[4, 5]]"
w201106-0001505870-2,ここでは実際のチームメイクの流れを、チーム代表者サトルさんと、ユーザのヒナコさんを例に説明します。,"[[24, 27], [35, 38]]"
w201106-0001542340-1,１１月１９日、今敏監督の最新劇場長編映画『夢みる機械』の公式サイトがオープンした。,"[[7, 9]]"
w201106-0001542340-2,今監督にとって『夢みる機械』は、２００６年に公開された『パプリカ』以来の劇場長編となる。,"[[0, 1]]"
w201106-0001508842-1,本業の片手間に、趣味の範囲でやっているコスプレアイテム・撮影用武器小物のオーダーメイドショップヨシトミ製作所のブログです。,"[[47, 51]]"
w201106-0001581296-1,川棚温泉は山頭火ゆかりの地、そして瓦そば発祥の地として知られています。,"[[5, 8]]"
w201106-0001507794-1,子育て世代を応援するモリシタ＠ホームの見学会情報をお知らせ致します。,"[[10, 14]]"
w201106-0001514060-1,私、十宮薫子には秘密がある。,"[[2, 6]]"
w201106-0001514060-3,そんなある日、幼馴染の相澤智典に告白されて———。,"[[11, 15]]"
w201106-0001592005-2-02,斉藤宏館長,"[[0, 3]]"
w201106-0001598851-2,総入れ歯・部分入れ歯の東京秋葉原、稲葉歯科医院はお一人づつに合った治療を行っています。,"[[17, 19]]"
w201106-0002300102-1-01,マペット放送局は、ジム・ヘンソン・プロダクション制作の番組。,"[[9, 11], [12, 16]]"
w201106-0002300328-1,発表通り、ハメルズは５月１２日にメジャー昇格を果たし、同日のレッズ戦でメジャーデビュー。,"[[5, 9]]"
w201106-0002300328-2,デビュー戦の注目は高く「１９４８年のロビン・ロバーツ以来、最も話題を呼んだ初登板」という声もあった［９］。,"[[18, 21], [22, 26]]"
w201106-0002300315-1-01,テュロスの国王の娘で幼名はエリッサといった。,"[[13, 17]]"
w201106-0002300315-1-02,Ｅｌｉｓｓａ,"[[0, 6]]"
w201106-0002300315-2,父の弟でメルカルトの神官をしていたシュカイオスと結ばれて同じく巫女として仕えていた。,"[[17, 23]]"
w201106-0002300315-3,父の死去の際、彼女と兄のピュグマリオーンが共同で国を治める様に遺言された。,"[[12, 20]]"
w201106-0002300088-2,そんなとき僕は、無性に拓郎さんの曲を歌いたくなります。,"[[11, 13]]"
w201106-0002300275-1,当時モントリオール・エクスポズの監督だったフェリペ・アルーの推薦で、１９７９年１月にドラフト外でエクスポズと契約［１］。,"[[21, 25], [26, 29]]"
w201106-0002300263-1,ドイツのライプニッツの予定調和を主張する最善説に由来する。,"[[4, 10]]"
w201106-0002300263-2,ライプニッツは、現実世界は可能なすべての世界の中で、最善のものであると考えた。,"[[0, 6]]"
w201106-0002300115-1,ラグビー時代にマージョリー・バトラーと出会い、１９３６年に結婚。,"[[7, 13], [14, 18]]"
w201106-0002300312-1,岩合さんは、たくさんのねこの写真を出されています。,"[[0, 2]]"
w201106-0002300312-3,岩合さんの撮られるねこ達は、可愛いだけでなく、たくましく、いきいきしています。,"[[0, 2]]"
w201106-0002300311-2,はやとちんは、３２７６８のダメージをうけてやられてしまった！,"[[0, 3]]"
w201106-0002300311-3,あとはげつようびと闘う、みなみこいさんに任せよう．．．．,"[[12, 17]]"
w201106-0002300338-1,カフェの常連客はパーシーの過去の秘密に疑いの目を向けていたが、ハナは黙っていた。,"[[8, 12], [31, 33]]"
w201106-0002300338-2-01,一番猜疑心が強かったのは、ハナの甥のネイハムであった。,"[[13, 15], [18, 22]]"
w201106-0002300338-2-02,ウィル・パットン,"[[0, 3], [4, 8]]"
w201106-0002300338-3-01,ネイハムの妻シェルビーは疑うよりはむしろ親切な好奇心をパーシーに対して抱いた。,"[[0, 4], [6, 11], [27, 31]]"
w201106-0002300338-3-02,マーシャ・ゲイ・ハーデン,"[[0, 4], [5, 7], [8, 12]]"
w201106-0002300363-2,世界ラリー選手権ドライバーのアリスター・マクレーと１９９５年ＷＲＣチャンピオン、コリン・マクレーの父親である。,"[[14, 19], [20, 24], [40, 43], [44, 48]]"
w201106-0002300160-1,松丸さん、お手数をおかけします。,"[[0, 2]]"
w201106-0002300160-2,松丸さんのことネットで検索させて戴きました。,"[[0, 2]]"
w201106-0002300360-1,ヴェオハルトの思った通り、そのころ地底族集落では反乱が起こっていた。,"[[0, 6]]"
w201106-0002300360-2,彼の示した道に反対の意思を示し、ヴェオハルトがいなくなった時を狙っての決起だった。,"[[16, 22]]"
w201106-0002300360-3,しかし、留守を任されていたシーラの対応は意外なものだった。,"[[13, 16]]"
w201106-0002300238-3,ロサンゼルス近郊のサンタモニカに住む建築家ジョセフ・マークさんは、自由な発想で庭を「屋根のない部屋」に変えました。,"[[21, 25], [26, 29]]"
w201106-0002300204-2,これはもちろんモーリス・マルトノのオリジナルではなく単にテルミンの複製に過ぎないので、オンド・マルトノとは見なされない。,"[[7, 11], [12, 16], [47, 51]]"
w201106-0002300206-3,渡辺竜王への質問メール、コメントをお待ちしています。,"[[0, 2]]"
w201106-0002300010-1,１９５２年、ルチャ・ムービー「ウラカン・ラミレス」に出演した事がきっかけで、翌年に同名の覆面ルチャドールとしてデビュー。,"[[15, 19], [20, 24]]"
w201106-0002300010-3,フォール技のウラカン・ラナ・インベルティダを編み出した事でも知られる。,"[[6, 10]]"
w201106-0002300165-1,アゲーノール−フェニキア王。,"[[0, 6]]"
w201106-0002300165-2-01,海神ポセイドンとリビュエの子とされる。,"[[2, 7], [8, 12]]"
w201106-0002300165-2-02,リビア,"[[0, 3]]"
w201106-0002300165-3,エウローペー、カドモス、ポイニクス、キリクスの父。,"[[0, 6], [7, 11], [12, 17], [18, 22]]"
w201106-0002300183-1,その後、周囲の勧めもあって、１９１３年、イギリスのヒル教授、ベイカー教授、ボブソン教授に研究成果を記した手紙を出す。,"[[25, 27], [30, 34], [37, 41]]"
w201106-0002300183-3,もっとも、藤原正彦によれば、こうした無理解も仕方のないことであった。,"[[5, 9]]"
w201106-0002300009-3,闘莉王選手が早々に離脱してしまったこともそうだけど、今日のレッズは少しついてなかったな・・・。,"[[0, 3]]"
w201106-0002300340-3,って思ってたけどムスコの言葉を解読出来てるのはアタシだけってことに気付いた九州親バカ選手権優勝ホノツグです。,"[[47, 51]]"
w201106-0002300142-1-01,空想天国は、１９６８年に制作された谷啓主演作品。,"[[17, 19]]"
w201106-0002300142-3,クレージーのメンバーからは、ハナ肇と桜井センリが出演している。,"[[14, 17], [18, 23]]"
w201106-0002300218-2,ミュージカル『エビータ』のシカゴ公演のオーディションに合格し、後にブロードウェイに進出して『アマデウス』や『ヘンリー五世』の舞台に出演。,"[[7, 11], [46, 51], [54, 58]]"
w201106-0002300032-2,絵に対する自信以外の全てを失った若き日のアドルフ・ヒトラーは、戦争で片手を失い今は画廊を経営しているマックス・ロスマンと出会う。,"[[20, 24], [25, 29], [50, 54], [55, 59]]"
w201106-0002300032-3,マックスはアドルフに全てを絵に注ぎ込めと助言する。,"[[0, 4], [5, 9]]"
w201106-0002300152-1,しかし、俳優陣、その中でもナタリー・ポートマンの愛らしさそして変貌は凄かったですよね〜そして、あの憎らしいばかりのハビエル・バルデム！！,"[[13, 17], [18, 23], [57, 61], [62, 66]]"
w201106-0002300152-3,ゴヤの黒い絵シリーズはすごい！,"[[0, 2]]"
w201106-0002300350-1,歌詞はすべてエルヴィス・プレスリーの曲名を繋ぎ合せて構成されている。,"[[6, 11], [12, 17]]"
w201106-0002300350-2,元々大瀧のファースト・アルバムに収録されていた『いかすぜ！この恋』をリメイクしたもの。,"[[2, 4]]"
w201106-0002300350-3,このバージョンのカバーを同じエルヴィスファンの西田敏行がカバーしている。,"[[14, 19], [23, 27]]"
w201106-0002300192-1-01,広島の福井優也投手が自身初のテレビＣＭに出演することが１日、明らかになった。,"[[3, 7]]"
w201106-0002300192-2-01,広島の新人では、黒田博樹や前田健太も果たしていない１年目オフの抜てきとなった。,"[[8, 12], [13, 17]]"
w201106-0002300192-3,現時点では早大の同期、日本ハムの斎藤佑樹よりも早い“ＣＭデビュー”となる。,"[[16, 20]]"
w201106-0002300346-1,つばきの妹でお洒落が大好き。,"[[0, 3]]"
w201106-0002300346-2,毎朝、つばきに髪をアレンジしてもらっている。,"[[3, 6]]"
w201106-0002300346-3,少々派手で、京汰に好意をもっている。,"[[6, 8]]"
w201106-0002300309-1,それ以降専業作家となり、商業誌に最初に作品が掲載されたのは１９５２年の「ウーブ身重く横たわる」である。,"[[36, 39]]"
w201106-0002300309-3,１９５０年代はディックにとって最も貧しく苦しい時期で「図書館の本の延滞料すら払えなかった」という。,"[[7, 11]]"
w201106-0002300320-2,向井さんのボーカルとか歌詞分からんがかっこいい！,"[[0, 2]]"
w201106-0002300320-3,田渕さんのギターがノイジーで大好き！,"[[0, 2]]"
w201106-0002300081-1,ストウブミニココット１０センチで、オイシックスの「達也の人参」を使いました。,"[[25, 27]]"
w201106-0002300295-3,チームは２４勝７敗で州の決勝戦に進出し、ウォレスは最終クォーターでウィニングショットを記録している。,"[[20, 24]]"
w201106-0002300336-1-01,フジテレビアナウンサーとしての後輩で、同じ広島県出身でもある山中秀樹、三宅正治、西山喜久恵共々、熱狂的な広島東洋カープのファンでもある。,"[[30, 34], [35, 39], [40, 45]]"
w201106-0002300336-2,西山とは２人そろって『プロ野球ニュース』の司会もしていた。,"[[0, 2]]"
w201106-0002300336-3-01,後番組の『すぽると！』は三宅が務めている。,"[[12, 14]]"
w201106-0002300041-3,ダブルスではメキシコのラウル・ラミレスとペアを組んで数多くのタイトルを獲得し、全仏オープンの男子ダブルスで１９７５年と１９７７年の２度、ウィンブルドンでも１９７６年の男子ダブルスを制覇した。,"[[11, 14], [15, 19]]"
w201106-0002300290-2,１６８２年、ロベール・ド・ラサールはルイジアナ領土をフランスのものと主張した。,"[[6, 10], [11, 12], [13, 17]]"
w201106-0002300092-1,父はプトレマイオス２世、母はアルシノエ１世。,"[[2, 9], [14, 19]]"
w201106-0002300092-2,妻はベレニケ２世。,"[[2, 6]]"
w201106-0002300092-3,子にはプトレマイオス４世、アルシノエ３世がいる。,"[[3, 10], [13, 18]]"
w201106-0002300124-2,ファラデーカップで検出してカウントする形式もある。,"[[0, 5]]"
w201106-0002300044-1,ブローニュ伯ウスタシュ３世の娘としてブローニュで生まれた。,"[[6, 11]]"
w201106-0002300044-2,母マリーはスコットランド王マルカム３世と王妃マーガレットの娘で、イングランド王ヘンリー１世の王妃マティルダとは姉妹であった。,"[[1, 4], [13, 17], [22, 28], [39, 43], [48, 53]]"
w201106-0002300044-3-01,つまり、マティルドはモード皇后の母方の従姉妹であった。,"[[4, 9], [10, 13]]"
w201106-0002300044-3-02,マティルダ,"[[0, 5]]"
w201106-0002300044-3-03,夫スティーヴンはモードの父方の従兄である,"[[1, 7], [8, 11]]"
w201106-0002300091-2,出し入れしやすい口枠タイプで仕様も充実シューズが入るダレスボストンバッグ。,"[[26, 29]]"
w201106-0002300132-2-02,宮崎駿監督,"[[0, 3]]"
w201106-0002400205-1,恩師アルノルト・シェーンベルクのもとでのいわば卒業制作として、１９０７年から１９０８年にかけて作曲された。,"[[2, 7], [8, 15]]"
w201106-0002400205-2,ベルクは、２楽章以降を書き足すべきかを悩んでいたが、結局シェーンベルクの助言により１楽章のみで出版することにした。,"[[0, 3], [28, 35]]"
w201106-0002400358-2,山の頂きに雪が積もり始めると、ノーマン·ウィンター夫妻、そして冬を生き抜く重要なパートナーとなる、７頭の犬たちの冬支度が始まる。,"[[15, 19], [20, 25]]"
w201106-0002400159-2,１８５３年、ペリーが浦賀に来航すると、浦賀総奉行として着任する。,"[[6, 9]]"
w201106-0002400039-1,荒木さん、コメントありがとうございます。,"[[0, 2]]"
w201106-0002400388-2,例えばジャリズムの代表的なコント「葬式ＤＪ」は、渡辺がリアリティ溢れるＤＪを違和感なく演じることで成立している。,"[[24, 26]]"
w201106-0002400216-1,その大切な指輪を兄がなくしてしまい、ルーシーは落ち込んでいた。,"[[18, 22]]"
w201106-0002400216-3,女性にはジャドという連れの男性がいた。,"[[4, 7]]"
w201106-0002400214-1,番組スタートより１９８３年までは『ハローポピーこちらミッチ放送局』という番組タイトルで、玩具メーカーのポピーがスポンサーを務めていた。,"[[26, 29]]"
w201106-0002400163-2,ヘンリー・フォードもプラスチックの原料を安く調達するために大豆農園を作っていた。,"[[0, 4], [5, 9]]"
w201106-0002400058-1,まだマイケルの死は信じられない。,"[[2, 6]]"
w201106-0002400307-1,鶴久がリードボーカル。,"[[0, 2]]"
w201106-0002400059-1,この作品は名探偵コナンのキャラクターが多数登場してとっても豪華です。,"[[8, 11]]"
w201106-0002400059-2,そして犯人の人質となった仲間を救うためにコナンと平次が大活躍します。,"[[20, 23], [24, 26]]"
w201106-0002400059-3,タイムリミットまでにコナンは事件を解決できるのか！？,"[[10, 13]]"
w201106-0002400305-1,しかしこれらの案を退け、ボリス・イオファンらロシア人２人とアメリカ人１人による計３案が同時に勝者に選ばれた。,"[[12, 15], [16, 21]]"
w201106-0002400305-2,レーニン時代には公認されていたロシア・アヴァンギャルドに背を向け、新古典主義に基盤を置いた案だった。,"[[0, 4]]"
w201106-0002400305-3,これにはレーニンと嗜好が違ったヨシフ・スターリンらの意向があった。,"[[4, 8], [15, 18], [19, 24]]"
w201106-0002400304-3,で、１／３５とか１／２０のガトリング用ガンベルトって無いんだよね。,"[[13, 18]]"
w201106-0002400075-2,アンセルモは、姉妹を連れてパリの万博へ向かった。,"[[0, 5]]"
w201106-0002400075-3,アンセルモが万博へ向かうのには理由があった。,"[[0, 5]]"
w201106-0002400118-1,俺、相川歩は『愛』ってのがわからない。,"[[2, 5]]"
w201106-0002400118-3,言い寄ってくるサラス、誤解に誤解を重ねる友紀。,"[[7, 10], [20, 22]]"
w201106-0002400127-2,イタリアのビエッラにおいて、フィラ兄弟によって創業された。,"[[14, 17]]"
w201106-0002400047-1,続いて赤ちゃんの自宅を訪れたあかつと鈴木奈々は、叔母に当時のエピソードについて話を聞いた。,"[[14, 17], [18, 22]]"
w201106-0002400047-2,当時はやっていた朝潮にそっくりだったと話した。,"[[8, 10]]"
w201106-0002400057-1,夏休み、ハリー・ポッターは唯一の身寄りであるダーズリー家へ帰省していた。,"[[4, 7], [8, 12], [22, 27]]"
w201106-0002400057-2,初めての友人も出来て、夢のようだったホグワーツ魔法魔術学校での生活を中断されていたハリーのもとに、ドビーと名乗る屋敷しもべ妖精が現れる。,"[[41, 44], [49, 52]]"
w201106-0002400057-3,そしてドビーはハリーにホグワーツに戻ってはならないと警告する。,"[[3, 6], [7, 10]]"
w201106-0002400094-2,それは「坂の上の雲」が司馬遼太郎にとって嫌いな昭和の戦前戦中へ至る道筋の始まりと認める事ができるからだ、という様な文を読んだことがあった。,"[[11, 16]]"
w201106-0002400241-2,ジム・モリソン亡き後のドアーズだと！？,"[[0, 2], [3, 7]]"
w201106-0002400257-2,次のドラフトで巨人に行ける保証はないと考えた尭はこれを受け入れ、同年１０月７日に大洋と契約。,"[[22, 23]]"
w201106-0002400026-1,ある日、いつものように見舞いに行くと、慶光にはずっと悔やみ続けていることがあると言う。,"[[19, 21]]"
w201106-0002400026-3,そこに写っていたのは、自分にそっくりな若き日の慶光と、眼鏡をかけた青年。,"[[23, 25]]"
w201106-0002400384-1,けれど私にとっては全く新しい長野まゆみの世界です。,"[[14, 19]]"
w201106-0002400384-3,この世とこの世ならざる世界との間に起こる様々な出来事を橘川と仲村、そして市村の３人が解決してゆく。,"[[27, 29], [30, 32], [36, 38]]"
w201106-0002400179-2,また、ジョプリンやファリャ、プーランクもレパートリーに持っている。,"[[3, 8], [9, 13], [14, 19]]"
w201106-0002400030-1,交響曲第２番はアルベール・ルーセルが作曲した交響曲である。,"[[7, 12], [13, 17]]"
w201106-0002400395-2,どちらもカラーリングはランバ・ラルのパーソナルカラーに準じており、旧型ザクのデザインもランバ・ラル仕様の設定に忠実になっている。,"[[11, 14], [15, 17], [43, 46], [47, 49]]"
w201106-0002400196-1,ジョージ・ワシントン将軍は約１０，６００名の大陸軍をエルク河口とフィラデルフィアの間に置いていた。,"[[0, 4], [5, 10]]"
w201106-0002400196-3,上陸に手間取ったハウ軍はキャンプも張らずに進軍を始めた。,"[[8, 10]]"
w201106-0002400169-2,大統領にはヘスス・デ・カルデナスが就任した。,"[[5, 8], [9, 10], [11, 16]]"
w201106-0002400380-2,これは、陽毬が望んでいた死そのものではないかとも考える。,"[[4, 6]]"
w201106-0002400380-3,陽毬が望んだというのはまた後で。,"[[0, 2]]"
w201106-0002400035-1,ルシオンはピナコテイクの塔で師匠のコッキンドールとその弟子たちとともに住んでいた。,"[[0, 4], [17, 24]]"
w201106-0002400035-2,コッキンドールが外出中のある時、夜になると獣人になってしまう呪いを抱えた若者が塔に訪れる。,"[[0, 7]]"
w201106-0002400035-3,退屈していたルシオンは彼とともに旅に出かけることにする。,"[[6, 10]]"
w201106-0002400037-1,小沢氏はたぶん、そうした資金を受領していたのでしょう。,"[[0, 2]]"
w201106-0002400037-3,真の問題点は小沢氏や秘書が金を受領していたかどうかではないのです。,"[[6, 8]]"
w201106-0002400209-1,アメリカの有名シェフ、ウルフギャングパックが発案した電動ミルです。,"[[11, 21]]"
w201106-0002400369-2,アルビア書記は、パドヴァ大学で法を学び、イタリア本国では裁判官としての経歴も持っています。,"[[0, 4]]"
w201106-0002400382-2,スティーヴ・ブルースと最終ラインでコンビを組みマンチェスター・ユナイテッドで一時代を築いた。,"[[0, 5], [6, 10]]"
w201106-0002400396-1,兄ゲーザ２世の死後に甥イシュトヴァーン３世が即位したにもかかわらず、ハンガリー貴族の大多数が男系年長者相続制を支持したことから即位した。,"[[1, 4], [11, 19]]"
w201106-0002400396-2,しかし、カトリック教会はラースローの正当性を認めなかった。,"[[12, 17]]"
w201106-0002400180-1,あずにゃんの寂しさがバレンタインの甘さと雪景色の美しさにのせて伝わってくる・・・。,"[[0, 5], [10, 16]]"
w201106-0002400180-2,今まで唯達はもうすぐ卒業するんだなって漠然としてたのが一気に現実味を帯びてきちゃったなぁ。,"[[3, 4]]"
w201106-0002400397-2,叔父ヴァシーリー・ミハイロヴィチの死後、トヴェリ大公位を継ぐ。,"[[2, 8], [9, 16]]"
w201106-0002400397-3,息子には二人のアレクサンドル、イヴァン、ヴァシーリー、ボリス、フョードルがいる。,"[[7, 14], [15, 19], [20, 26], [27, 30], [31, 36]]"
w201106-0002400368-3,橋下と手を取り合えないのは残念だが、選挙のために妥協しない頑なさも、今の政治家にはあまり見られない、貴重な筋の通し方として、大変、好感が持てる。,"[[0, 2]]"
w201106-0001470460-1,何か国家的な大きなものが働いてて、誰もオズワルドとは思っちゃいない。,"[[19, 24]]"
w201106-0001470460-2,オズワルドは犯人に仕立て上げられたのだ。,"[[0, 5]]"
w201106-0001444065-3,これからも梓出版社をよろしくお願い申し上げます。,"[[5, 6]]"
w201106-0001416536-3,三村会計事務所では中小・中堅企業のシンクタンクとして事前確定届出給与コンテンツの一部を公開します。,"[[0, 2]]"
w201106-0001479619-2,相場君にはがっかりだよ！と言う感想を伝えたくて。,"[[0, 2]]"
w201106-0001479619-3,東京から、廃校寸前の田舎の中学校に転校してきた春花はいじめにあい、両親を焼き殺される。,"[[23, 25]]"
w201106-0001451396-1,宮里藍、横峰さくら、上田桃子らの活躍もあり、女性のゴルフ人気はすっかり定着しました。,"[[0, 3], [4, 9], [10, 14]]"
w201106-0001430973-2,森下和洋家具は大阪の立花通りとあみだ池筋との角にあります。,"[[0, 2]]"
w201106-0001435002-2,神宮寺剣との暮らしは、意外にも悪いものではなかった。,"[[0, 4]]"
w201106-0001414195-1,柴乃櫂人さんに講演に来ていただきました。,"[[0, 4]]"
w201106-0001414195-2,伊藤頼子さんに講演に来ていただきました。,"[[0, 4]]"
w201106-0001414195-3,細川太郎さんに講演に来ていただきました。,"[[0, 4]]"
w201106-0001480657-2,私は、年末はディズニーです。,"[[6, 11]]"
w201106-0001480657-3,ディズニーシーで５周年記念のカクテルを飲みました。,"[[0, 5]]"
w201106-0001409500-1-01,大阪府四條畷市にあります向井歯科です。,"[[12, 14]]"
w201106-0001404968-1,伊與は回船問屋の川島家から八平の後妻として坂本家に入った。,"[[0, 2], [8, 10], [13, 15], [21, 23]]"
w201106-0001404968-2,龍馬は川島家にたびたび遊びに行っており、継母の伊與との間に気まずさはなかったようだ。,"[[0, 2], [3, 5], [23, 25]]"
w201106-0001404968-3,伊與は評判になるほどの美人で、なぎなたの名手だったと伝えられている。,"[[0, 2]]"
w201106-0001472020-1,メルチャンのバスタブセットは、事故を起こした子どもの遊具です。,"[[0, 2]]"
w201106-0001472020-2,同じような事故が起こらないようにメルチャンのバスタブセット事故の詳細がパイロットインキ株式会社より発表されました。,"[[16, 18]]"
w201106-0001402473-2,以前ペルー旅行で知り合った、滋賀県の北川隆夫さんと一緒で楽しい毎日だった。,"[[18, 22]]"
w201106-0001447067-1,ソロモンの環とは、人差し指の付け根を取り囲むようにして現れる手相のことです。,"[[0, 4]]"
w201106-0001447067-2,かの偉大なソロモン大王の手に現れたと言われる手相です。,"[[5, 9]]"
w201106-0001401423-1,オダギリジョーさんと長澤まさみさんが初共演ですね。,"[[0, 7], [10, 15]]"
w201106-0001401423-2,ドラマ「ぼくの妹」でもそうなんですが長澤まさみさん、妹役が多いんですね。,"[[18, 23]]"
w201106-0001449887-1,５月の第１週は、宮城限定伊達政宗ドラです。,"[[12, 16]]"
w201106-0001442792-1,本日、鎌田祐哉投手の入団記者会見がクリネックススタジアム宮城で行なわれましたので、お知らせいたします。,"[[3, 7]]"
w201106-0001442792-3,なお、鎌田投手の背番号は『３４』に決まりましたので、併せてお知らせいたします。,"[[3, 5]]"
w201106-0001437084-1,ディズニーチャンネルは季節にちなんだ番組を放送する事があります。,"[[0, 5]]"
w201106-0001437084-2,ディズニーチャンネルでは１０月はハロウィーンにちなんだ映画や長編アニメーションがたくさん放送されます。,"[[0, 5]]"
w201106-0001466816-3,河村造園は、小さなことから庭のリフォーム、エクステリアを行います。,"[[0, 2]]"
w201106-0001470083-3,涌井は今年を象徴したピッチングだね。,"[[0, 2]]"
w201106-0001423619-2,おどや販売部長の土谷が山形のワイナリーにお願いして、おいしいワインを作ってもらいました。,"[[8, 10]]"
w201106-0001473370-2,それにあわせまして、５期「ゲゲゲの鬼太郎」で鬼太郎役を担当された声優の高山みなみさんも来店されます。,"[[35, 40]]"
w201106-0001480010-1,ゴジラがスーパーマリオブラザーズのステージ１に挑戦した動画です。,"[[8, 11]]"
w201106-0001319671-2,平素は森トラスト総合リート投資法人に対しまして、格別のご高配を賜り、厚く御礼申し上げます。,"[[3, 4]]"
w201106-0001319671-3,平成１９年７月１日に新たに執行役員に就任いたしました堀野郷でございます。,"[[26, 29]]"
w201106-0001324650-3,「はやぶさ」の撮影を行っていただきました国立天文台の八木雅文氏およびすばる望遠鏡のスタッフに感謝いたします。,"[[26, 30]]"
w201106-0001363125-2,しかし、清顕は心の未熟さから聡子への気持ちを素直に認められない。,"[[4, 6], [14, 16]]"
w201106-0001363125-3,そんな中、聡子に宮家の王子・洞院宮治典王殿下との縁談が持ち上がる。,"[[5, 7], [17, 20]]"
w201106-0001381477-3-01,カナダマクマスター大学客員教授の遠藤雄三氏に、主として欧米の代替医療の現況をうかがった。,"[[16, 20]]"
w201106-0001307161-1,原いさおがこれまで議会で質問した会議録がご覧になれます。,"[[0, 4]]"
w201106-0001307161-2,原いさおの議会質問の会議録が閲覧できます。,"[[0, 4]]"
w201106-0001316078-1-02,ウォルフ管,"[[0, 4]]"
w201106-0001316078-1-03,ミュラー管,"[[0, 4]]"
w201106-0001354711-1,今回は「小松崎茂コーナー」とは別に、女性の方にも楽しんでいただけるように「おとぎ・どうわ」他のコーナーも設けました。,"[[4, 8]]"
w201106-0001354711-3,「小松崎茂コーナー」も前回同様にお楽しみいただけます。,"[[1, 5]]"
w201106-0001391070-2,すぎうらの料理をパッケージにして販売しております。,"[[0, 4]]"
w201106-0001368589-1-01,東京都品川区五反田の歯科医院「児玉歯科」です。,"[[15, 17]]"
w201106-0001360658-1,２０００年１１月５日に、さくらに妹が誕生しました。,"[[12, 15]]"
w201106-0001360658-2,名前は「りん」といいます。,"[[4, 6]]"
w201106-0001360658-3,さくらよりちょっとかわいいくらいなのですが、家族や知り合いはりんのことばかり可愛がります。,"[[0, 3], [30, 32]]"
w201106-0001343900-1,うーてんから桃吉は、人国での過去を聞かされた。,"[[0, 4], [6, 8]]"
w201106-0001343900-2,桃吉にとって、知らない事の連続なのに、不思議と戸惑いはなかった。,"[[0, 2]]"
w201106-0001343900-3,何よりもノン吉やうーてん達と、過ごしてる時間が楽しかった。,"[[4, 7], [8, 12]]"
w201106-0001395622-2-01,井伊家３５万石の居城で、元和８年建立されました。,"[[0, 2]]"
w201106-0001328611-1,金沢市の名勝に指定された、遠州流作庭で、築山式の日本庭園が見学できる。,"[[13, 15]]"
w201106-0001328611-3,芭蕉十哲の立花北枝の墓などがある。,"[[0, 2], [5, 9]]"
w201106-0001390953-1,公安９課から草薙素子が去り、２年の歳月が経過していた。,"[[6, 10]]"
w201106-0001390953-2,ある日、トグサが率いる新生公安９課に次々と難事件が襲いかかる。,"[[4, 7]]"
w201106-0001328672-1,日家の幼名は竹寿麿である。,"[[0, 2], [6, 9]]"
w201106-0001328672-2,江戸中期の文献『本化別頭仏祖統記』には上総国夷隅郡興津の領主・佐久間兵庫助重吉の第三子とされている。,"[[31, 34], [37, 39]]"
w201106-0001328672-3-01,佐久間重貞の子、長寿麿とともに１２５８年の生まれである。,"[[0, 5], [8, 11]]"
w201106-0001335963-1,公園内には魯迅の記念館と墓がある。,"[[5, 7]]"
w201106-0001335963-2,設置当初は「虹口公園」だったが魯迅の死後「魯迅公園」と改称された。,"[[15, 17], [21, 23]]"
w201106-0001317724-1,７期生の小松奈々先生のトレーナーからの判定なしのテープを全員で判定した。,"[[4, 8]]"
w201106-0001386997-1-01,水墨画家・松木昭洋のホームページです。,"[[5, 9]]"
w201106-0001386997-1-02,まつきあきひろ,"[[0, 7]]"
w201106-0000918123-1,江戸に剣術修行に来た龍馬は、定吉の道場に入門する。,"[[10, 12], [14, 16]]"
w201106-0000918123-2,道場の経営は息子の重太郎に任せている。,"[[9, 12]]"
w201106-0000918123-3,龍馬や佐那の成長をじっと見守る心優しい父親でもある。,"[[0, 2], [3, 5]]"
w201106-0000970658-2,自由民主党から、細田博之幹事長、保利耕輔政務調査会長、坂本剛二組織本部長、岸田文雄団体総局長、後藤茂之厚生労働部会長に出席いただきました。,"[[8, 12], [16, 20], [27, 31], [37, 41], [47, 51]]"
w201106-0000970658-3,日本生協連からは、山下俊史会長、品川尚志専務理事が出席しました。,"[[9, 13], [16, 20]]"
w201106-0000916860-1,『ソブレ』アマゾン店、店長のかおりんです。,"[[14, 18]]"
w201106-0000916860-3,新商品の紹介やお得な情報、かおりん日記を相棒☆みかんと一緒に紹介します。,"[[13, 17], [23, 26]]"
w201106-0000959796-1-01,ジャズ・アルトサックスの加納奈実さんが出演します。,"[[12, 16]]"
w201106-0000908569-1,グラナド・エスパダでは、プレイヤー同士で協力するだけではなく、次の方法で敵味方に分かれて対戦することもできます。,"[[0, 4], [5, 9]]"
w201106-0000905071-1,・のむら口臭治療研究所を併設いたしました。,"[[1, 4]]"
w201106-0000936123-1,弊社では、産学一体の理念に基づき、相川学園静清高等学校を運営しております。,"[[17, 19]]"
w201106-0000936123-2-01,その静清高校野球部出身の、牧田和久投手が、この度ドラフト会議で西武から２位指名を受けました。,"[[13, 17]]"
w201106-0000983372-1,『痴人の愛』は数年ぶりに読み返したが、やっぱり谷崎はエロいなあ。,"[[23, 25]]"
w201106-0000983372-2,谷崎作品は、広辞苑に載っている意味での「変態」だと思う。,"[[0, 2]]"
w201106-0000922971-1,１８６９年、在日イギリス公使館歩兵隊軍楽隊長のフェトンは国歌の必要性を日本政府に説いた。,"[[23, 27]]"
w201106-0000922971-2,これを受けて薩摩藩砲兵隊長の大山巌は薩摩藩琵琶歌「蓬莱山」から「君が代」を歌詞として選んだ。,"[[14, 17]]"
w201106-0000922971-3,しかしフェトンの作曲は不評で、海軍省は宮内省式部寮雅楽課に作曲を委託した。,"[[3, 7]]"
w201106-0000964257-1,こんにちは、日本の福島で天然石店を営んでいる小針と言います。,"[[22, 24]]"
w201106-0000903437-1,このコーナーは大澤ふみな先生が麻雀に関する質問に答えていくコーナーです。,"[[7, 12]]"
w201106-0000944425-1-01,１１月６日、北朝鮮の趙明禄・国防委員会第１副委員長・兼労働党政治局常務委員が心臓病のため死去したと伝えられました。,"[[10, 13]]"
w201106-0000944425-2,葬儀委員長は金正日ですが、朝鮮中央放送が伝えた葬儀委員名簿で、全１７０人の委員の筆頭は金正恩になっています。,"[[6, 9], [43, 46]]"
w201106-0000944425-3,政権ナンバー２ということを明確にする金正日の意思表示ですね。,"[[18, 21]]"
w201106-0000946555-2,１９９７年に開館した、八ヶ岳の麓、長野県小海町松原湖高原に建つ、安藤忠雄氏設計の美術館です。,"[[32, 36]]"
w201106-0000908661-1,「タイヤ＆ホイールタカハシ」にて只今、決算前の夏タイヤ在庫処分セールを開催中。,"[[9, 13]]"
w201106-0000966225-1,この前、葉純ちゃんと星座をテーマとした喫茶店に入りました。,"[[4, 6]]"
w201106-0000966225-2,初めは飲み物だけにしようとしてたのに葉純ちゃんが「私パフェ食べたくなってきた」と言い始めた。,"[[18, 20]]"
w201106-0000917185-1,アクションゲームのマリオとテトリスゲームのマリオを切り換えて遊ぶゲームだよ。,"[[9, 12], [21, 24]]"
w201106-0000939867-2,「鏡リュウジの恋愛月占術」では、他にも多数のメニューをご用意しております。,"[[1, 6]]"
w201106-0000975890-1,『お兄さんとてりは、れくすを探しに行くつもりでした。,"[[6, 8], [10, 13]]"
w201106-0000957808-1,プレイヤーは探偵・神宮寺三郎となって事件の真相を探ります。,"[[9, 14]]"
w201106-0000957808-2,助手の御苑や刑事の熊野の力を借りながら情報を集めましょう。,"[[3, 5], [9, 11]]"
w201106-0000977662-1,帆足についてはここ何試合かボールが高めに集まってしまっているので自分のピッチングができていない。,"[[0, 2]]"
w201106-0000949410-1,俺は静かに一樹の部屋のドアをノックした。,"[[5, 7]]"
w201106-0000949410-2,が、その一樹の部屋からは誰の返事も無かった。,"[[4, 6]]"
w201106-0000940352-1,中国で一番認知度の高いアニメがこの「一休さん」らしく、ほとんどの人が知っているらしい。,"[[18, 20]]"
w201106-0000940352-3,２０１２年に全土でこの「一休さん」の映画を上映する。,"[[12, 14]]"
w201106-0000901442-1,喜勢は幼いときに父を亡くしたために、父の弟である高芝小七郎に養われた。,"[[0, 2], [24, 29]]"
w201106-0000901442-2,文久２年、１７歳の時、２９歳の弥太郎と結婚する。,"[[15, 18]]"
w201106-0000925133-1,若山牧水ゆかりの暮坂峠は、中之条町と旧六合村の境にある。,"[[0, 4]]"
w201106-0000925133-2,途中、牧水の像と彼の作品『枯野の旅』の歌碑などがある。,"[[3, 5]]"
w201106-0000926163-1,母は１０代目土佐藩主山内豊策の娘で、１６代目の山内豊範とは従兄弟になる。,"[[10, 14], [23, 27]]"
w201106-0000926163-2,文久２年、武市半平太を伴い将軍上洛・攘夷決行を求める勅使として江戸へ向かう。,"[[5, 10]]"
w201106-0000989179-1,インフィニオン・レースウェイに向かっていたペンスキーのトランスポーターが走行中の火災で全焼、マシンや機材などを焼失した。,"[[21, 26]]"
w201106-0000972644-1,橋本治大先生とはこのときはじめて山の上ホテルでお会いした。,"[[0, 3]]"
w201106-0000064647-2,最近では南房総相浜港の「安田丸」です。,"[[12, 14]]"
w201106-0000068335-1,アタマの先発はラズナー、相手は陽となっています。,"[[7, 11], [15, 16]]"
w201106-0000068335-2,そこで、ラズナーとホークスの今季対戦成績を掲載します。,"[[4, 8]]"
w201106-0000068335-3,ラズナーは今季ソフトバンク戦に下記の３試合先発登板し、１勝２敗の防御率２．５７の成績を残しています。,"[[0, 4]]"
w201106-0000066557-1,龍馬の姉・千鶴の夫で龍馬の義兄にあたります。,"[[0, 2], [5, 7], [10, 12]]"
w201106-0000066557-2,龍馬の思想にも大きく影響を与えたと言われています。,"[[0, 2]]"
w201106-0000066557-3,順蔵の門下には中岡慎太郎、石田英吉、安岡斧太郎らがいました。,"[[0, 2], [7, 12], [13, 17], [18, 23]]"
w201106-0000061395-1,動画の中では、スクウェア・エニックスの和田社長のマジコンに対するコメントなども聞けます。,"[[19, 21]]"
w201106-0000069492-2,羽田皓市長と両市の交流促進を確認し合った。,"[[0, 3]]"
w201106-0000062011-1,笹本祐一さんの「ミニスカ宇宙海賊」のアニメ化が決定しました。,"[[0, 4]]"
w201106-0000062011-2,監督・シリーズ構成は佐藤竜雄、アニメーション制作はサテライトに決まりました。,"[[10, 14]]"
w201106-0000750757-1,梅田本イベントの第一部、「これからのメディアについて」に触発されて考えたことを書いてみます。,"[[0, 2]]"
w201106-0000789553-2,講義は前半部分は石川が、後半部分は竹添教授が担当する。,"[[8, 10], [17, 19]]"
w201106-0000789553-3,石川の担当部分は基本的には、液晶に関する基礎的な事柄を扱う。,"[[0, 2]]"
w201106-0000787340-1,小松寺の紅葉はかなり色づいてきました。,"[[0, 2]]"
w201106-0000789353-3,昨日、ロシアのメドヴェージェフ大統領が北方領土の国後島を訪問しました。,"[[7, 15]]"
w201106-0000711485-2,伊豆新聞では、岡崎大五・いけみかなこ夫妻の旅の出発が発表された。,"[[7, 11], [12, 18]]"
w201106-0000711485-3,作家：岡崎大五は、観光大使に任命されたのだ。,"[[3, 7]]"
w201106-0000778333-1,へぐぉぉっ横山光輝先生が亡くなられてしまうとは。,"[[5, 9]]"
w201106-0000778333-2,父が持っていた「伊賀の影丸」が大好きで、小学校時代は毎日のように読み返してました。,"[[11, 13]]"
w201106-0000797739-1,野村監督の本は何冊か読んでいるが、やはりこの人はすごい。,"[[0, 2]]"
w201106-0000752098-1,森山大道氏の「津軽」展を目的に行きました。,"[[0, 4]]"
w201106-0000765652-3,樹齢８０年余の赤松に囲まれた井上誠一設計による戦略性高い林間コースです。,"[[14, 18]]"
w201106-0000790368-1,日本ハムは九回１死満塁から、田中のタイムリーエラーでサヨナラ負けし、４位に逆戻りした。,"[[14, 16]]"
w201106-0000790368-2,日本ハムは１点リードの六回、２番手の榊原が代打・石井義に同点ソロを許した。,"[[18, 20], [24, 27]]"
w201106-0000791689-1,シティがスミス・バーニーをモルガンスタンレーに売却するらしい。,"[[4, 7], [8, 12]]"
w201106-0000788326-1,ブッシュとケリーがヒップホップスタイルで勝負する。,"[[0, 4], [5, 8]]"
w201106-0000699597-2,宏紀もタイから直接セントレアに入り会場入りしました。,"[[0, 2]]"
w201106-0000610364-2,山田の元アシスタント・ツギノツギオ殿が２冊目の単行本を上梓しました。,"[[0, 2], [11, 17]]"
w201106-0000649198-1,西武・平尾博嗣内野手が２日、西武ドーム内で契約更改交渉に臨み、契約を保留した。,"[[3, 7]]"
w201106-0000678230-1,小太刀重機では、地元の栃木県鹿沼市を中心に、各地での業務に従事しております。,"[[0, 3]]"
w201106-0000651887-1,初任者研修に関する各様式は，一太郎ファイルを圧縮して自己解凍型ファイルにしています。,"[[14, 17]]"
w201106-0000691453-2,今年の１月から椎名誠さんがやってるブログです。,"[[7, 10]]"
w201106-0000691453-3,椎名誠さんの本は好きで探検隊とか何冊も持ってます。,"[[0, 3]]"
w201106-0000661175-1,東洋陶磁美術館で開催中の「李朝の水滴展」に関連して、李朝の文房具について、お話させて頂きます。,"[[13, 14], [26, 27]]"
w201106-0000661175-2,李朝という時代は、１３９２年から１９１０年まで、５１９年続いた非常に長い王朝です。,"[[0, 1]]"
w201106-0000689583-1,神港学園の横川の打球はバックホーム体制を敷いていた高知の中堅手・坂本の頭上を越えた。,"[[5, 7], [32, 34]]"
w201106-0000647173-1,台風が近づいてきているような気がするこっちっちです。,"[[18, 23]]"
w201106-0000647173-2,更新が遅れている気がするこっちっちです。,"[[12, 17]]"
w201106-0000647173-3,明日中にたくさん更新しておきたいこっちっちです。,"[[16, 21]]"
w201106-0000660145-1-01,マリウス・プティパはロシアで活躍したフランス出身の振付家です。,"[[0, 4], [5, 9]]"
w201106-0000634307-1,「目出度目出度の若松様よ〜」という歌詞で始まる山形の民謡です。,"[[8, 10]]"
w201106-0000612505-1,本文中で紹介した、著者・奥野宣之さんが使っているスケジュールシートを、無料で以下からダウンロードできます。,"[[12, 16]]"
w201106-0000653765-1,港区虎ノ門の大熊歯科医院のホームページです。,"[[6, 8]]"
w201106-0000674522-2,アール・ヌーヴォーの巨匠、ヴィクトール・プルーヴェを父に持つ。,"[[13, 19], [20, 25]]"
w201106-0000619847-1,池田満寿夫と結婚していたことがあり、当初詩人として出発したが、小説を書き始めた。,"[[0, 5]]"
w201106-0000638719-1,今回は、かづきメイクをご紹介します。,"[[4, 7]]"
w201106-0000638719-2,かづきメイクとは、かづきれいこさんが手がけているメイク方法です。,"[[0, 3], [9, 15]]"
w201106-0000638719-3,かづきれいこさんは、フェイシャルセラピストや歯学博士、大学の客員教授など、様々な肩書きをもっています。,"[[0, 6]]"
w201106-0000678671-2,スタンリッジは「中継ぎにも負担をかけて申しわけなかった」とうなだれた。,"[[0, 6]]"
w201106-0000678671-3,７日も先発のフォッサムが五回途中４失点で降板した。,"[[6, 11]]"
w201106-0000628325-1,テトリスとスーパーマリオブラザーズが合体したゲームです。,"[[9, 12]]"
w201106-0000628325-3,テトリスモードに変えてブロックを積み上げて、進めるようになったらマリオモードに切り替え進んでいきます。,"[[32, 35]]"
w201106-0000607930-1,はじめまして、埼玉県久喜市の染谷優志です。,"[[14, 18]]"
w201106-0000607930-2,このホームページを利用して、自宅の染谷花園の紹介、および趣味である天体写真などの公開を行っています。,"[[17, 19]]"
w201106-0000664003-1,早朝からリーアは出発のためにバタバタとしていました。,"[[4, 7]]"
w201106-0000627853-1,映画監督、小津安二郎が生まれて１００年が経ちます。,"[[5, 10]]"
w201106-0000627853-2,小津が生まれる１０年前、映画は誕生しました。,"[[0, 2]]"
w201106-0000628585-2,カワイは一般高齢者や特定高齢者を対象とした介護予防事業の支援をいたします。,"[[0, 3]]"
w201106-0000656715-1,バッセルはイギリス出身のバレリーナです。,"[[0, 4]]"
w201106-0000657594-3,「とらや」の黒川さんから柏餅をいただき、未だ感激する事が出来るんだとうれしくなってきています。,"[[6, 8]]"
w201106-0000613074-2,今回は、京都西川のフトンを使ってセッティングしました。,"[[6, 8]]"
w201106-0000630910-1,海原純子氏の記事が良かったのでちょっとご紹介します。,"[[0, 4]]"
w201106-0000103584-1-01,伊藤元重さんの「経済危機は世界に何をもたらしたか」を読みました。,"[[0, 4]]"
w201106-0000103584-3,全体的には、「フラット化する社会」、「グリーン革命」のトーマス・フリードマンに近い手法で書かれた本になっています。,"[[27, 31], [32, 38]]"
w201106-0000157499-2-01,天正１８年の兵火で焼失したのを、忍城主・阿部正能が再建しました。,"[[20, 24]]"
w201106-0000190265-3,ゴダールのインタビューや、未来派・ダダ関連の貴重な音源など、面白いものがいくらでもある。,"[[0, 4]]"
w201106-0000137394-1,社会を面白くする企画を開発、提案、実施する企画法人スズハシからのニュースレターです。,"[[25, 29]]"
w201106-0000137394-2,スズハシの直近の動きをお届けします。,"[[0, 4]]"
w201106-0000113343-1,キッズルームグリムは東急目黒線「武蔵小山駅」徒歩２分のところにある保育室です。,"[[6, 9]]"
w201106-0000141349-1,フランコ・モスキーノは１９５０年イタリアに生まれる。,"[[0, 4], [5, 10]]"
w201106-0000199454-1,伊達政宗の城下町であり、伝統ある七夕祭りの地としても有名です。,"[[0, 4]]"
w201106-0000126106-1,境内入口に才市の法悦句を刻んだ碑があり、数々の遺品も保存される。,"[[5, 7]]"
w201106-0000126106-3,昭和の妙好人とも言われ、数々の逸話を残している浅原才市にゆかりの深い寺院です。,"[[23, 27]]"
w201106-0000175238-1-01,古稀中国・唐時代の詩人・杜甫の「人生七十年古来希なり」に由来しています。,"[[12, 14]]"
w201106-0000151666-2,あとは牧野工房へおまかせください。,"[[3, 5]]"
w201106-0000108248-1,本尊として弘法大師を祀り、厄除けのお大師さまとして親しまれている。,"[[5, 7]]"
w201106-0000163012-1,夫は、なおくんのためと称して鉄道模型の大人買いをします。,"[[3, 5]]"
w201106-0000185435-1,甚平は「甚兵衛羽織」というのが起源の簡易服らしいのですが、「甚兵衛羽織」というのはよく知りません。,"[[4, 7], [30, 33]]"
w201106-0000185435-2,谷崎潤一郎の「半袖ものがたり」によると、大阪では「半袖」と呼ばれ、庶民が夏に着ていたようです。,"[[0, 5]]"
w201106-0000166146-1,古川るり前回に引き続き年金がテーマですが、いわゆる２階部分の「厚生年金」についてお話します。,"[[0, 4]]"
w201106-0000105150-3,ピエール・エルメのマカロンは、洗練されたパリのマカロンです。,"[[0, 4], [5, 8]]"
w201106-0000141101-1,本日「いい夫婦の日週間」のイベントに桂三枝会長が登場しました。,"[[18, 21]]"
w201106-0000190769-1,ダイス議長の第６５回国連総会議長への就任をお祝い申し上げます。,"[[0, 3]]"
w201106-0000190769-2,前会期におけるトレイキ前議長のご尽力に心より謝意を表します。,"[[7, 11]]"
w201106-0000190769-3,また、潘基文事務総長の今日までの指導に敬意を表します。,"[[3, 6]]"
w201106-0000194902-2,・平成１７年１２月１２日北側国土交通大臣が鉄道駅のテロ対策の状況を視察いたしました。,"[[12, 14]]"
w201106-0000152159-1,中田工芸は木製ハンガー製造の変形加工の技術を生かし様々な製品を作っています。,"[[0, 2]]"
w201106-0000182422-1,つくば古典音楽合唱団の第２２回定期演奏会でヨハン・ゼバスティアン・バッハのクリスマスオラトリオの第１部から第３部までを聞く。,"[[21, 24], [25, 32], [33, 36]]"
w201106-0000163225-2,私は、この日、午前中仕事があり、参加できませんでしたので、桑山朱里さんに撮影をお願いしました。,"[[29, 33]]"
w201106-0000168199-1,きくち整体院の気功整体療法はボディ系セラピーでもあります。,"[[0, 3]]"
w201106-0000139314-1,サンディエゴ市内にあるバルボアパークの博物館群のなかに、こじんまりとしたサンディエゴ自然史博物館がある。,"[[11, 15]]"
w201106-0000122536-1,鴨料理は御花自慢の逸品で、なかでも「鴨の鉄板焼」は立花家代々に伝わる殿様直伝の味でもあります。,"[[25, 27]]"
w201106-0000161355-1,ライトアップ代表取締役社長、白石が日々の業務や日報、雑感などを随時アップしています。,"[[14, 16]]"
w201106-0000155609-1,いべさんがご紹介するその他のイベントの一覧です。,"[[0, 2]]"
w201106-0000144304-1,モース博士が発掘した大森貝塚は品川歴史館から徒歩５分の場所にあります。,"[[0, 3]]"
w201106-0000169240-1,むかしむかし、中国にチラエイジュというテングがいました。,"[[10, 16]]"
w201106-0000112341-1,首吊り自殺したケリーの遺体を調べた保安官のミルズは、彼女の眼球が真っ赤になっているのを知る。,"[[7, 10], [21, 24]]"
w201106-0000112341-2,ミルズの娘アビーは、ケリーが”ジョン・ウェイクフィールドは今も生きている”と言っていたと父親に告げる。,"[[0, 3], [5, 8], [10, 13], [15, 18], [19, 28]]"
w201106-0000112341-3,ケリーは自殺したのではなく誰かに殺されたのだと言うアビーに、ミルズは”ウェイクフィールドは死んだ”と答えるが……。,"[[0, 3], [25, 28], [30, 33], [35, 44]]"
w201106-0000157190-2,平素は、森ヒルズリート投資法人に格別のご高配を賜り、厚く御礼申し上げます。,"[[4, 5]]"
w201106-0000155626-1,公文式は、従来の塾とは大きく異なる学び方をする事ができるようになっています。,"[[0, 2]]"
w201106-0000155626-2,公文式では、習熟度に応じたプリントを使う事によって、お子さんの学力を伸ばします。,"[[0, 2]]"
w201106-0000139676-1,アリストテレスやハイデガーやニーチェが好きです。,"[[0, 7], [8, 13], [14, 18]]"
w201106-0000192866-1,そこに住む教授夫妻ジョージとマーサのもとに、若い夫婦がやってくる。,"[[9, 13], [14, 17]]"
w201106-0000192866-2,マーサが青年をベッドに誘おうとしても、ジョージは文句を言わない。,"[[0, 3], [19, 23]]"
w201106-0000114578-2,「桜井幸子」が演じていた「禰々」が亡くなりました。,"[[1, 5], [13, 15]]"
w201106-0000878615-1,９月２２日午前１０時から関西将棋会館で上田初美女流二段−長谷川優貴アマ戦が行われます。,"[[19, 23], [28, 33]]"
w201106-0000878615-2,上田女流二段は若手ながらタイトル挑戦経験のある実力者で、昨年は将棋大賞女流最多対局賞受賞の活躍でした。,"[[0, 2]]"
w201106-0000878615-3,対する長谷川アマは中学生ながら、チャレンジマッチおよび予選一斉対局を勝ち抜いてここまで駒を進めてきました。,"[[3, 6]]"
w201106-0000893853-1,大内氏はかつてこの川を京都の鴨川に見立てて町割りを行ったとか。,"[[0, 2]]"
w201106-0000870712-1,人名辞典は歴史上の人物を検索するウェブ事典です。,"[[0, 2]]"
w201106-0000876367-1,名探偵コナンの「ゲームが遊べるポストカードブック」と連動した脱出ゲームだよ。,"[[3, 6]]"
w201106-0000876367-2,コナンたちと一緒にミステリーを解き明かそう。,"[[0, 3]]"
w201106-0000868206-1,２００８年７月は「新澤隆志」さんをお迎えしてミニコンサートを行いました。,"[[9, 13]]"
w201106-0000868206-2,新澤さんは今年２月に初めて当院で演奏していただいて以来２回目の参加となります。,"[[0, 2]]"
w201106-0000887638-2,幕臣でありながら、徳川幕府の限界を感じ、日本の海軍を作ろうと企てる。,"[[9, 11]]"
w201106-0000887638-3,そして、龍馬を塾頭として神戸に海軍塾を開く。,"[[4, 6]]"
w201106-0000846270-3,「鶴丸」の呼び名の語源は島津家の家紋が「鶴丸の紋」であったことによる。,"[[12, 14]]"
w201106-0000898782-1,旅館リゾートインキシモトの目の前は海です。,"[[8, 12]]"
w201106-0000829016-1,このブログは、雷歌の平凡な日常を淡々と描くものです。,"[[7, 9]]"
w201106-0000868260-1,最近、江戸川乱歩賞の本を読んでます。,"[[3, 8]]"
w201106-0000811981-2-01,筑波洋は歴代の７人の仮面ライダーとともに、巨大な悪に立ち向かう。,"[[0, 3]]"
w201106-0000811981-3,原作者の石ノ森章太郎が総監督として作品に携わっている。,"[[4, 10]]"
w201106-0000861255-2,上海アリス幻樂団様とは、一切関係ございません。,"[[2, 5]]"
w201106-0000839019-1,シュルツ・ベルガージャパンによる、プロの投資顧問から見た注目銘柄・推奨銘柄紹介等の投資方法がお奨めです。,"[[0, 4], [5, 9]]"
w201106-0000861474-1,今回は、さくらんぼ会の新会長中塚と旧会長三浦のお二人に対談形式でお話を伺いました。,"[[14, 16], [20, 22]]"
w201106-0000869016-1,鍛冶師のギルドリーヴをクリアした際に入手したレシピを紹介しています。,"[[4, 10]]"
w201106-0000876731-1-01,椙山女学園大学の岡田研究室のゼミ生は、名古屋市の桜山商店街活性化の活動を進めている。,"[[0, 2], [8, 10]]"
w201106-0000813026-1,鎌倉時代に快慶が彫ったと伝わる。,"[[5, 7]]"
w201106-0000843215-1,大人気の森永ホモ牛乳ノベルティーのアニマル柄が入荷です。,"[[4, 6]]"
w201106-0000882662-1-01,江戸時代、延宝元年望月越中守が、西明寺復興の記念として造られた。,"[[9, 11]]"
w201106-0000872368-1,日経デザインのサイトで、ミヒャエル・アルホフ氏のインタビュー「デザイナーはサービスをデザインすべき」から。,"[[12, 17], [18, 22]]"
w201106-0000872368-2,アルホフ氏：商品をサービス構造に落とし込む上で、デザイナーがすべきことはたくさんあります。,"[[0, 4]]"
w201106-0000887888-1,伊藤労務経営事務所は経営者の皆様の強い味方です。,"[[0, 2]]"
w201106-0000859360-3,実行委員長の川口君をはじめとする委員の面々が頑張っているので、きっと面白いものになるだろう。,"[[6, 8]]"
w201106-0000830670-2,昭和残侠伝のラストシーンで、いつも二人で殴り込みをした、おいらの相棒の池部良が亡くなったのです。,"[[35, 38]]"
w201106-0000869677-2,くどう社会保険労務士事務所は『働きやすい園』にしたい、と思っている園長さんのパートナーです。,"[[0, 3]]"
w201106-0000890417-1,税務会計の顧問はもちろん相続対策や起業・会社設立なら、新宿の藤島税理士事務所にお任せください。,"[[30, 32]]"
w201106-0000897540-1,ホリエモンこと堀江貴文氏が今気になること興味を持ったことを語ります。,"[[0, 5], [7, 11]]"
w201106-0000829668-2,唯一生き残った、アンナとベルの奮闘を書きます。,"[[8, 11], [12, 14]]"
w201106-0000829668-3,クリーチャーも初登場させたいと考えています。,"[[0, 6]]"
w201106-0001694400-1,はーさんと紫呉のシーンも好きだけど。,"[[0, 2], [5, 7]]"
w201106-0001626842-2,私が特に好きなヴァイオリニストはメニューイン、ミルシテイン、ハイフェッツ、オイストラフです。,"[[16, 22], [23, 29], [30, 36], [37, 43]]"
w201106-0001626842-3-01,現役では樫本大進、レーピン、リトル、ヴェンゲーロフ、庄司紗矢香に注目しています。,"[[4, 8], [9, 13], [14, 17], [18, 25], [26, 31]]"
w201106-0001626881-2,第１０回目の記念パーティは、宮崎発の本格的津軽三味線「村上三絃道」一門をお招きして、宮崎観光ホテルで開催します。,"[[27, 29]]"
w201106-0001617144-1,真一君と二人だけでいる時間は、どこかに喜びがあった。,"[[0, 2]]"
w201106-0001643925-2,その町を代表するのは、宇治郷代官であり御茶師の頭取である上林家であった。,"[[28, 30]]"
w201106-0001643925-3,豊太閤のころ上林掃部は、千利休の点てる茶を造ったのである。,"[[0, 1], [6, 10], [12, 15]]"
w201106-0001652556-1,ひよ＠白オカメの同居人ポーです。,"[[11, 13]]"
w201106-0001670328-2,ひとつ前の投稿は「長野美香選手と風香さんが公開練習！」です。,"[[9, 13], [16, 18]]"
w201106-0001670328-3,次の投稿は「長野美香選手と風香さんのインタビュー動画」です。,"[[6, 10], [13, 15]]"
w201106-0001644869-2,谷口浩美新監督のもと、スタッフ５名・選手１５名となります。,"[[0, 4]]"
w201106-0001659031-1-01,練馬区北町の糟谷茂さんは不要になった傘を修理したりして、同区早宮の東京メトロ平和台駅に寄付し続けている。,"[[6, 9]]"
w201106-0001618457-3,週に５日はナナプラザやソイカウボーイなどで遊ぶジャンメダイが紹介する、最新のお店情報もありますよ。,"[[23, 29]]"
w201106-0001605515-2,鎌倉時代の１２３６年、摂政の九條道家の発願により、創建されました。,"[[14, 18]]"
w201106-0001658639-1,むかしむかし、トルコの国に、ナスレッディン・ホジャと言う、とても変わった人がいました。,"[[14, 21], [22, 25]]"
w201106-0001658639-2,このホジャおじさんが、若い頃の事です。,"[[2, 5]]"
w201106-0001602522-1,シュタイナーの幼児教育とは、神秘思想家のルドルフ・シュタイナーの人智学に基づく教育思想、実践方法をさします。,"[[0, 6], [20, 24], [25, 31]]"
w201106-0001602522-2,俗に「シュタイナー教育」とも呼ばれます。,"[[3, 9]]"
w201106-0001602522-3,シュタイナーの幼児教育は、ある意味、現代の幼児の英才教育と逆行しているともいえます。,"[[0, 6]]"
w201106-0001687514-1,山門内には崋山の句碑が建てられている。,"[[5, 7]]"
w201106-0001687514-2,また、本堂奧の崋山霊牌堂の天井画は有名。,"[[7, 9]]"
w201106-0001616949-1,羽左衛門はおそらく頭のなかで「延年の舞」の振りでもさらっていたのでしょう。,"[[0, 4]]"
w201106-0001616949-2,なにしろ踊りには定評のある松緑の代役です、プレッシャーもあったでしょう。,"[[13, 15]]"
w201106-0001616949-3,それを菊五郎は見抜いたのだと思います。,"[[3, 6]]"
w201106-0001126015-3,さっそく廣瀬さんと訪問してきました。,"[[4, 6]]"
w201106-0001147371-3,高級会席・行楽・会議・ロケ・研修会・イベント・謝恩会などの仕出しは東京銀座・夢乃膳兵衛へぜひお任せください。,"[[38, 43]]"
w201106-0001147628-2,記事では、五味クリニック院長の五味常明さんが、岩盤浴の効果について詳しく解説しています。,"[[5, 7], [15, 19]]"
w201106-0001149601-1-01,ケネス・マクミランはスコットランドの振付師です。,"[[0, 3], [4, 9]]"
w201106-0001149601-2,アシュトンと共にロイヤル・バレエのスタイルを確立した振付師です。,"[[0, 5]]"
w201106-0001149601-3,人気のある作品としてはプロコフィエフの「ロミオとジュリエット」、「マノン」などがあります。,"[[11, 18], [20, 23], [24, 30], [33, 36]]"
w201106-0001166693-1,一度でいいから会ってみたい芸能人は北芝健さんです。,"[[17, 20]]"
w201106-0001111591-1,キューバのカストロ前議長の元気な姿、久しぶりに見たなあ。,"[[5, 9]]"
w201106-0001120604-2-01,無線事業部長の申宗均社長が、ネットワーク事業部を統合経営する。,"[[7, 10]]"
w201106-0001120604-2-02,シン・ジョンギュン,"[[0, 2], [3, 9]]"
w201106-0001133121-1,上野屋さんと言えば我が家ではピーナツバターです。,"[[0, 2]]"
w201106-0001133121-2,上野屋さんで買ったピーナツバターは本当に美味しい。,"[[0, 2]]"
w201106-0001120158-1,筆名の「未明」は、正しくは「びめい」とよむ。,"[[4, 6], [14, 17]]"
w201106-0001120158-2,「日本のハンス・クリスチャン・アンデルセンアンデルセン」「日本児童文学の父」と呼ばれる。,"[[4, 7], [8, 14], [15, 27]]"
w201106-0001106376-2,信綱公の墓所なんかはまた希望があればアップします。,"[[0, 2]]"
w201106-0001130177-1,サラさんとスーザンさんのお話会は５３人の方が参加され丁度良い人数でした。,"[[0, 2], [5, 9]]"
w201106-0001189299-1,競馬予想レース王は、カリスマ馬券師やまちんの競馬予想ブログです。,"[[17, 21]]"
w201106-0001136657-1,当ホテルのウエディング、宴会、そして“おいしいしあわせを愉しむ食彩空間”遊宴を任されております、仲宗根長治でございます。,"[[48, 53]]"
w201106-0001106596-2,その後、手塚治虫原作の漫画が読みたくなり原作を読んだ。,"[[4, 8]]"
w201106-0001134736-3,２００７年１月２０日、エリック・クラプトンが上海にやって来る。,"[[11, 15], [16, 21]]"
w201106-0001109377-2,５才になる莉沙穂ちゃんを水中出産した経験をもつ先輩ママでもあります。,"[[5, 8]]"
w201106-0001123159-1,さかい労務管理事務所では面倒な各種社会保険の手続きや労働保険の手続きを会社様に代わり、代行しております。,"[[0, 3]]"
w201106-0001162927-3,ハーフバースデーの記念写真撮影なら「こども専門写真館」スタジオアリスにお任せください。,"[[31, 34]]"
w201106-0001182343-2,往年の大女優、佐久間良子さんを撮影するので多少緊張した。,"[[7, 12]]"
w201106-0001168821-1-01,「あるく」スタッフの迫田です。,"[[10, 12]]"
w201106-0001168821-1-02,さこだ,"[[0, 3]]"
w201106-0001106492-2,講師は元高校教師の荒川勝利さんです。,"[[9, 13]]"
w201106-0001801214-2,千影はそんな橘を傍で見守り続けている。,"[[0, 2], [6, 7]]"
w201106-0001801214-3,千影は橘にとってもなくてはならない存在なのであった。,"[[0, 2], [3, 4]]"
w201106-0001898168-1,女子学生のあーちゃんがのらりくらりと日常などを書いていきます。,"[[5, 7]]"
w201106-0001841915-3,いくえみ綾さんが好きです。,"[[0, 5]]"
w201106-0001859794-1,やまと天目山温泉は名前から想像できるように武田家滅亡の地である天目山の一角にある温泉です。,"[[21, 23]]"
w201106-0001846879-2,今回は川越勝先生によって「祈りの法則を知ろう」と題して１週間お話をお聞きします。,"[[3, 6]]"
w201106-0001865052-1,今日は、パーキンソン病についての講演を聞いた。,"[[4, 10]]"
w201106-0001865052-3,その会場で、蒲郡市民病院時代にお世話になった近藤先生に久しぶりにお会いした。,"[[22, 24]]"
w201106-0001802180-1,スタジオアリスの店舗情報をご覧いただけます。,"[[4, 7]]"
w201106-0001849793-1,今日は朝９時から亜細亜大学で堀内監督の一般クリニックがありました。,"[[14, 16]]"
w201106-0001845953-1,キム・ヨナは、韓国の女子フィギュアスケート選手です。,"[[0, 2], [3, 5]]"
w201106-0001845953-2,様々な大会を制し、キム・ヨナは韓国で大変な人気を集めているのだとか。,"[[9, 11], [12, 14]]"
w201106-0001845953-3,韓国ではキム・ヨナが出演するコマーシャルが多数放送され、全国各地にはスケートリンクが開設されているようです。,"[[4, 6], [7, 9]]"
w201106-0001868157-2,この現象は最初にウィリアムトムソンによって１８５６年、発見された。,"[[8, 17]]"
w201106-0001868625-3,その後、歓迎セレモニーを行い、江上副町長が歓迎の挨拶を述べました。,"[[15, 17]]"
w201106-0001893335-1,この本は、というより、しりあがり寿は、やはりとても素晴らしい。,"[[11, 17]]"
w201106-0001893335-2,もっともっと早く、しりあがり寿が描いたもの・書いたものを読んでおけばよかった。,"[[9, 15]]"
w201106-0001860082-2,彼女は手芸家の加藤真有里さんです。,"[[7, 12]]"
w201106-0001871953-1,世界の時計市場のピエールクンツ専門のコーナーです。,"[[8, 15]]"
w201106-0001871953-2,ピエールクンツは、レトログラードの魔術師、機械式時計の鬼才と言われる。,"[[0, 7]]"
w201106-0001871953-3,２００３年にブランドを立ち上げ、フランクミュラーと同じウォッチランドの一角に工房を構える。,"[[16, 24]]"
w201106-0001803447-1,若林さんは、昭和２３年に東京は小伝馬町に生まれ、現在６１歳です。,"[[0, 2]]"
w201106-0001811123-1,オリジナル曲「花」を初音ミクに歌わせてみた。,"[[10, 14]]"
w201106-0001859317-1,三井海上と住友海上が合併しました。,"[[0, 2]]"
w201106-0001859317-2,１０／１より三井住友海上火災保険株式会社となります。,"[[6, 8]]"
w201106-0001858815-3,「文芸春秋」の創刊、「文芸家協会」の設立、芥川賞、直木賞の設定などにも貢献する。,"[[21, 23], [25, 27]]"
w201106-0001851364-1-01,日本のふるさと、京都、奈良、近江路への観光は、土井タクシーグループにおまかせ下さい。,"[[23, 25]]"
w201106-0001878526-2,小林一茶ゆかりの寺などもあります。,"[[0, 4]]"
w201106-0001809651-1,もともと予定していたさぬきうどんツアーが、突然「さよなら彦江ツアー」になってしまいました。,"[[28, 30]]"
w201106-0001809651-3,ということで、彦江にお別れパート１他モロモロネタを改めてアップします。,"[[7, 9]]"
w201106-0001867216-1,北海道札幌市の収益・投資物件一棟売り・一戸建・マンション・土地情報はサカイプロパティーズにお任せください。,"[[34, 37]]"
w201106-0002000024-2,その歓喜で会場が沸く中、フランス代表チームのコーチ、グリュアムが何者かに毒矢で殺害されてしまう。,"[[26, 31]]"
w201106-0002000153-2,１９５７年、エリア・カザンの『群衆の中の一つの顔』で映画デビュー。,"[[6, 9], [10, 13]]"
w201106-0002000147-1,ジャアファル・アッ＝サーディクは７０２年４月２０日、マディーナで誕生した。,"[[0, 6], [7, 9], [10, 15]]"
w201106-0002000147-2,父は第５代イマームで、４代イマームのアリー・イブン・フサインの孫であるムハンマド・アル＝バーキル。,"[[18, 21], [22, 25], [26, 30], [35, 40], [41, 43], [44, 48]]"
w201106-0002000147-3,したがって初代アリーとその妻ファーティマ・ザフラーの子、フサインを通じて預言者ムハンマドの直系の子孫にあたる。,"[[7, 10], [14, 20], [21, 25], [28, 32], [39, 44]]"
w201106-0002000184-1,ヴェルトフと、ロバート・フラハティ、ヨリス・イヴェンスはともにドキュメンタリー作品の父と言われる。,"[[0, 5], [7, 11], [12, 17], [18, 21], [22, 27]]"
w201106-0002000184-3,ジガ・ヴェルトフはペンネームで、「コマのように回転する人形」を意味する。,"[[0, 2], [3, 8]]"
w201106-0002000235-1,紙パックの飲み物であり、神崎の好物。,"[[12, 14]]"
w201106-0002000341-3,２６分、順也の思い切りの良いシュートがポストに当たり入らず。,"[[4, 6]]"
w201106-0002000354-1,オースティンパワーズやナッティプロフェッサーの変装で有名なビリーボブ社のユニークで笑えるおしゃぶり！,"[[0, 6], [29, 34]]"
w201106-0002000022-1,この買収はアルストムだけでなく、シュナイダーエレクトリックも関わっており、送電事業をアルストムが、配電事業をシュナイダーエレクトリックが引き継ぐものである。,"[[16, 22], [54, 60]]"
w201106-0002000222-1,リブ・タイラーの母親は女優さんですか？,"[[0, 2], [3, 7]]"
w201106-0002000154-1,プロ柔道家を経て、１９５１年、来日したボビー・ブランズらとともにプロレスのトレーニングを積む。,"[[19, 22], [23, 27]]"
w201106-0002000154-2,その輪の中に力道山がいた。,"[[6, 9]]"
w201106-0002000154-3,同年１１月２２日、仙台市でハロルド坂田とエキシビジョン・マッチを行っていて、これが遠藤のデビュー戦とされる。,"[[13, 19], [41, 43]]"
w201106-0002000395-3,同じ年、父の弟弟子でもあった三橋美智也とデュエットした「お花ちゃん」が大ヒット。,"[[14, 19], [29, 30]]"
w201106-0002000381-1,今年は数年ぶりに小田さんのツアーも観に行ったし、その延長での選曲かと思いきやまた「小田ファミリー」で大合唱していました。,"[[8, 10], [41, 43]]"
w201106-0002000244-2,高山善廣、曙、小島聡、ウルティモ・ドラゴンとも対戦した。,"[[0, 4], [5, 6], [7, 10], [11, 16], [17, 21]]"
w201106-0002000244-3,他のリングでは武藤敬司、ビッグバン・ベイダー、ザ・グレート・サスケ、新崎人生、辻結花、ハム・ソヒらとも対戦している。,"[[7, 11], [12, 17], [18, 22], [30, 33], [34, 38], [39, 42], [43, 45], [46, 48]]"
w201106-0002000046-1,大学時代、ジェリー藤尾率いるジャズ・バンド「パップ・コーンズ」にセカンドシンガーとして本名で参加。,"[[5, 11]]"
w201106-0002000046-2,この時のバンジョー奏者に高木智之（後の高木ブー）がいた。,"[[12, 16], [19, 23]]"
w201106-0002000046-3,ドリフターズ加入前には加藤英文（後の加藤茶）とともにクレイジーウエストに参加していたこともある。,"[[11, 15], [18, 21]]"
w201106-0002000331-1,エキセントリックな主人公を演じたのは、『奥さまは魔女』のスティーヴ・カレル。,"[[28, 33], [34, 37]]"
w201106-0002000331-2,彼を大きな愛で包む心優しい恋人役に『マルコヴィッチの穴』のキャサリン・キーナー。,"[[18, 25], [29, 34], [35, 39]]"
w201106-0002000251-2,その名の通り、特別な祭りの日にこの世に誕生したと暗示され、ゼカリヤと同時代の預言者とされる。,"[[29, 33]]"
w201106-0002000251-3,ペルシャ王ダリヨス１世の第２年、すなわち紀元前５２０年の６月から９月までの間に預言したといわれる。,"[[5, 9]]"
w201106-0002000292-1,来音が在籍していた天の川リトルの先輩ＯＧ。,"[[0, 2]]"
w201106-0002000292-2,美波パンプキンズの対戦相手、隣町アルバトロスに飛鳥のいとこ拓馬がおり、その縁でアルバトロスの助っ人投手を引き受ける。,"[[23, 25], [29, 31]]"
w201106-0002000284-1,別名ルミルミ。,"[[2, 6]]"
w201106-0002000092-1,さらには、下のマットや前掛けなどが緑色の場合・中條健一がその場にいる場合は、「グリーン車」のネタも使われる。,"[[23, 27]]"
w201106-0002000092-2,このグリーン車のネタは初めて伊賀がイジられたときに、山田亮がとっさに使ったことから、山田が起源と思われる。,"[[14, 16], [26, 29], [42, 44]]"
w201106-0002000092-3,他はとにかく、伊賀が動くたびに「ファーン」が入る。,"[[7, 9]]"
w201106-0002000078-3,父はオレンジ畑で働いたが、貧乏ゆえキャプラ自身も幼い頃から新聞の売り子や酒場でバンジョー弾きとして家計を助ける。,"[[17, 21]]"
w201106-0002000252-3,２０１０年夏季、ＴＢＳテレビの土曜ドラマ「ハンマーセッション！」の保健教師・里中玲奈役で、女優デビューを果たす。,"[[38, 42]]"
w201106-0002000041-1,エトワール凱旋門は、１８０６年、ナポレオン・ボナパルトの命によって建設が始まった。,"[[16, 21], [22, 27]]"
w201106-0002000041-2,ルイ・フィリップの復古王政時代、１８３６年に完成した。,"[[0, 2], [3, 8]]"
w201106-0002000041-3,ナポレオンは凱旋門が完成する前に既に死去しており、彼がこの門をくぐったのは１８４０年にパリに改葬された時であった。,"[[0, 5]]"
w201106-0002000082-1,徐々に記憶を取り戻して来たサイモンは、自分が交通事故に遭ったこと、そしてその際に兄ピーターのもとへ行こうとしていたことを思い出す。,"[[13, 17], [41, 45]]"
w201106-0002000082-2,しかし、ピーターは既に死んでいた。,"[[4, 8]]"
w201106-0002000082-3,ショックを受けるサイモンに、妻アナはサイモンがピーターを殺したと告げる。,"[[8, 12], [15, 17], [18, 22], [23, 27]]"
w201106-0002000096-2,中村様のコメントで目が覚めました。,"[[0, 2]]"
w201106-0002000294-1,恋の情熱に取り付かれたヴィクトル・ユーゴーの次女アデルは、英国騎兵中尉アルバート・ピンソンを追って単身カナダに渡った。,"[[11, 16], [17, 21], [24, 27], [35, 40], [41, 45]]"
w201106-0002000294-2,しかし、ピンソンの心はすでにアデルには無く、つれない態度を取った。,"[[4, 8], [14, 17]]"
w201106-0002000294-3,激しい恋の情熱と焦燥のなかで、アデルは次第に精神の平衡を失っていく・・・。,"[[15, 18]]"
w201106-0002000296-2,これを西島語録という。,"[[3, 5]]"
w201106-0002000241-1,本日よりチョコレートビール「チョコレートトム」が入荷しました！,"[[20, 22]]"
w201106-0002000123-3,ただしスキンシップ過剰な面があり、奈津からは快く思われていない。,"[[17, 19]]"
w201106-0002000107-1,１９１４年、ウェルズはルーズベルトの助言により、国務省外交部に入省した。,"[[6, 10], [11, 17]]"
w201106-0002000107-2,ウェルズは日本の東京での職務を割り当てられた。,"[[0, 4]]"
w201106-0002000107-3,ウェルズはラテンアメリカに関心を持ち、１９１９年にアルゼンチンに派遣された。,"[[0, 4]]"
w201106-0002000311-2,原作のマリア・トスティに相当するのはマリア原田。,"[[3, 6], [7, 11], [18, 23]]"
w201106-0002000311-3,また、新米エスパイの三木次郎は、原作には登場しない映画版のオリジナルキャラクターである。,"[[10, 14]]"
w201106-0002000338-2,レコーディング予定もあったが泉谷は『Ｄｒ．コトー診療所』のロケを優先。,"[[14, 16], [21, 24]]"
w201106-0002000338-3,それ以来、忌野とは音信不通となってしまった。,"[[5, 7]]"
w201106-0002000106-3,２つのＨＤカメラが青木大介の強さの秘密を暴きだす問題作！,"[[9, 13]]"
w201106-0002000307-2,ピンク色のハリセンが武器で、テルや猫田に活を入れる形で叩くのによく使っている。,"[[14, 16], [17, 19]]"
w201106-0002000317-1,カイト、エービー、サバ、カマス…。,"[[0, 3], [4, 8], [9, 11], [12, 15]]"
w201106-0002000317-2,当時は気付かなかったが、初期４人の名前がカイト以外魚から来ているのか。,"[[20, 23]]"
w201106-0002000317-3,カイトも凧からなのかな。,"[[0, 3]]"
w201106-0002000262-1,昔むかし、大阪に人生幸朗というボヤキの大御所がいました。,"[[8, 12]]"
w201106-0002000262-3,野村監督のつぶやく程度のぼやきではありません。,"[[0, 2]]"
w201106-0002000329-2,これについて草野は、このツアーでたくさんの地方を行き来した経験が大きく影響していると語る。,"[[6, 8]]"
w201106-0002000117-1,ポルタに仕事を与える女の子。,"[[0, 3]]"
w201106-0002000117-2,ちょっと乱暴だけどポルタのピンチには駆けつける優しい子。,"[[9, 12]]"
w201106-0002000117-3,ポルタが大好き。,"[[0, 3]]"
w201106-0002000004-2,ハリーはセックス・シンボルとしても大いに注目されるようになる。,"[[0, 3]]"
w201106-0002000004-3,１９８０年、ハリーとジョルジオ・モロダーが共同で作詞作曲した「コール・ミー」は、映画『アメリカン・ジゴロ』に提供され、米英でナンバーワン・ヒットとなった。,"[[6, 9], [10, 15], [16, 20]]"
w201106-0002000038-1,池井戸潤さんの作品は最後がハッピーエンドなので安心。,"[[0, 4]]"
w201106-0002000038-3,池井戸さんは銀行に愛想つかしながらも銀行員を愛情もって見てるのね。,"[[0, 3]]"
w201106-0002000165-1,おぐねーこと小椋ケンイチさんのブログで紹介されたおぐ姉プロデュースのチャームゾーンのＢＢクリームです。,"[[0, 4], [6, 12], [24, 26]]"
w201106-0002000013-1,ムルジは、バンダが政府を去った後、ＵＤＦを率いるとともに民主主義の代弁者となった。,"[[0, 3], [5, 8]]"
w201106-0002000013-2,しかし、ムルジの大統領としての日々は、論争とスキャンダルに費やされた日々でもあった。,"[[4, 7]]"
w201106-0002000198-2,後に同僚となるダン・ジョンソンはネブラスカ大時代のチームメイト。,"[[7, 9], [10, 15]]"
w201106-0002000214-2,上半身の露出が多い衣装を身に着けており、エミリアからは初めて会った時以来ほぼ一貫して「ヘンタイさん」呼ばわりされてしまっている。,"[[20, 24]]"
w201106-0002000149-1,自身もヨガを始めて１年あまりという、女優・菅野美穂がヨガの本場インドへ。,"[[21, 25]]"
w201106-0002000362-3,そして、宝を取り返してもらった村人は、その一部をお礼として、桃太郎とお爺さんとお婆さんに渡している。,"[[30, 33]]"
w201106-0002000000-2,構成作家は「トリビアの泉」や「田村ゆかりのいたずら黒うさぎ」なども手がけている矢野了平。,"[[15, 20], [39, 43]]"
w201106-0002100233-1-01,１８７７年４月２７日−エジソンが炭素送話機についての特許を出願。,"[[11, 15]]"
w201106-0002100227-2-01,思いつかずに迷う誠は、愛聴するラジオのＤＪ・ゼロこと沢井零子を巻き込む。,"[[8, 9], [26, 30]]"
w201106-0002100227-2-02,池上季実子,"[[0, 5]]"
w201106-0002100227-3,多数のリスナーも交えた公開リクエストの結果、誠の決めた第２の要求は「ローリング・ストーンズ日本公演」。,"[[22, 23]]"
w201106-0002100192-1,らこ家にも春が来た。,"[[0, 2]]"
w201106-0002100191-3,名前は、チャーリー・パーカーのニックネーム「バード」にちなんでいる。,"[[4, 9], [10, 14], [22, 25]]"
w201106-0002100146-1,デザインは出渕裕。,"[[5, 8]]"
w201106-0002100393-1,チア部によってグリー練習場を奪われたウィルは、街のローラースケート・バーで高校時代をグリー部で共に過ごしたエイプリルと偶然出会う。,"[[18, 21], [53, 58]]"
w201106-0002100393-2,一方、スーは、メルセデスにチア部に残るための条件として減量を突きつける。,"[[3, 5], [7, 12]]"
w201106-0002100393-3,急激な食事制限をしたせいで、メルセデスは自分の周りのもの全てが食べ物に見える幻覚症状を起こす。,"[[14, 19]]"
w201106-0002100350-2,モモコクラブ桃組出席番号２８７９番。,"[[0, 3]]"
w201106-0002100350-3,１９９１年、高市智子と２人組アイドルグループ、こんぺいとうを結成、数枚のＣＤリリースの後、１９９４年に解散した。,"[[6, 10]]"
w201106-0002100027-1,この年チームはＮＦＬチーム中第二次世界大戦後、最初にケニー・ワシントン、ウディ・ストロードの２人のアフリカ系アメリカ人選手と契約した［１］。,"[[26, 29], [30, 35], [36, 39], [40, 45]]"
w201106-0002100027-3,シーズン終了後にアダム・ウォルシュヘッドコーチは解任された。,"[[8, 11], [12, 17]]"
w201106-0002100231-2,鬼束ちひろさんの容姿やインタビュー内容が大変なことになっていると話題になっていたのでまとめてみました。．．．,"[[0, 5]]"
w201106-0002100231-3,たびたび話題になる鬼束ちひろさん．,"[[9, 14]]"
w201106-0002100225-3-01,上司から疎まれ、部下からは蔑まれているジャック・フロスト。,"[[19, 23], [24, 28]]"
w201106-0002100194-2,後には当番組出演が縁で、キング・クリムゾンのベストアルバムのライナーノーツを高嶋が担当した。,"[[38, 40]]"
w201106-0002100194-3,ロックテール岩尾の俺に歌わせろ！,"[[6, 8]]"
w201106-0002100354-1-01,旅の途中でプレスコット家はマウンテンマンのライナス・ローリングスと出会う。,"[[5, 11], [21, 25], [26, 32]]"
w201106-0002100354-2,長女イヴはライナスに一目惚れする。,"[[2, 4], [5, 9]]"
w201106-0002100354-3,プレスコット家は旅の途中で河賊に襲われるが、ライナスに助けられる。,"[[0, 6], [22, 26]]"
w201106-0002100397-2-01,同作品は２００６年１月より黒川智花主演で実写化。,"[[13, 17]]"
w201106-0002100156-1,うーん、やっぱりアンディ・サマーズというのは変わったギタリストだ。,"[[8, 12], [13, 17]]"
w201106-0002100234-2,シンプルな調理法で素材の旨みを最大限に引き出すのが信条の古田剛シェフの料理は、「毎日でも食べたい」と思えるくらいのやさしい味わいなんです。,"[[28, 31]]"
w201106-0002100222-1,今夜は新宿のロックバーの片隅で人を待ちながら、この記事を書いている＠ｃｒｅｍａです。,"[[33, 39]]"
w201106-0002100381-1,みのが出演するＴＢＳの２０時台は、日曜の『どうぶつ奇想天外！』、火曜の『学校へ行こう！ＭＡＸ』を含めて週３本となった。,"[[0, 2]]"
w201106-0002100381-3-01,タイトルは「土曜」の「みの」という意味である。,"[[11, 13]]"
w201106-0002100395-1,１９９６年から、スウェーデン・フォーミュラ・フォードに参戦し、翌１９９７年にはシリーズチャンピオンを獲得。,"[[22, 26]]"
w201106-0002100324-2,父親は、ヴィルヘルム・レーヴィットという有名な画家。,"[[4, 10], [11, 17]]"
w201106-0002100324-3,母親は、マルガレーテ・レーヴィット。,"[[4, 10], [11, 17]]"
w201106-0002100053-2,主演は「プロジェクトＢＢ」のルイス・クー。,"[[14, 17], [18, 20]]"
w201106-0002100279-3,しかし、円谷一自身はウルトラシリーズでは脚本を書いていない。,"[[4, 7]]"
w201106-0002100092-1,さて、サンタクロースなんていない。,"[[3, 10]]"
w201106-0002100050-2,赤の女王を演じていたヘレナ・ボナム＝カーターは『ファイト・クラブ』以来ちょっと注目の役者。,"[[10, 13], [14, 17], [18, 22]]"
w201106-0002100252-2,シーズン１同様に、ムチャぶり伝道師は有吉弘行。,"[[18, 22]]"
w201106-0002100109-2,スイーツキャラを活かし森田実やサニー・フランシスにスイーツを提供する。,"[[11, 14], [15, 18], [19, 24]]"
w201106-0002100109-3,またわかぎゑふとはコーナー内でしばしば対立する。,"[[2, 7]]"
w201106-0002100296-3,その名は、ディズニーの映画「わんわん物語」から取りました。,"[[5, 10]]"
w201106-0002100057-1,サイラス・ディーンは、コネチカットのグロートンで鍛冶屋の息子として生まれ、１７５８年にイェール大学を卒業した。,"[[0, 4], [5, 9], [43, 47]]"
w201106-0002100057-3,ディーンはここで将来の諜報員となるエドワード・バンクロフトを教えた。,"[[0, 4], [17, 22], [23, 29]]"
w201106-0002100321-3,この頃にアレイスター・クロウリーの弟子となっている。,"[[4, 10], [11, 16]]"
w201106-0002100288-1,１９７７年にロイ・レイモンドによってカリフォルニア州・サンフランシスコに設立された。,"[[6, 8], [9, 14]]"
w201106-0002100288-2,レイモンドは１９８２年にこの会社をリミテッド・ブランズに売却し、その傘下に入った。,"[[0, 5]]"
w201106-0002100263-1,また、イチローらが監督選考に対して発言［１６］。,"[[3, 7]]"
w201106-0002100263-2,イチローの発言については多くのファンが支持した。,"[[0, 4]]"
w201106-0002100263-3,ファンの世論に押された格好で、星野は代表監督を固辞することとなった。,"[[15, 17]]"
w201106-0002100129-1,猪突猛進のさやかに富田林は振り回されタジタジになりながらも、２人は事件の核心へと迫る。,"[[5, 8], [9, 12]]"
w201106-0002100115-1,１６６６年、ルイ１４世の母后アンヌ・ドートリッシュの追悼ミサで、フランソワーズはルイ１４世と知り合った。,"[[6, 8], [14, 17], [18, 25], [32, 39], [40, 42]]"
w201106-0002100115-2,当時、夫のモンテスパン侯は遠隔地のルーシオンに駐屯していた。,"[[5, 11]]"
w201106-0002100115-3,野心家のフランソワーズは、なんとか国王の寵姫になりたいと、以前から機会を窺っていたのであった。,"[[4, 11]]"
w201106-0002100101-2,拳王軍創設期からラオウを知っている。,"[[8, 11]]"
w201106-0002100101-3,父・ラオウが悪魔だと言われ動揺するリュウにラオウの真の理想は「争いのない平和な世」であったことを説明した。,"[[2, 5], [17, 20], [21, 24]]"
w201106-0002100248-1,ラムレーズンにはまりつつある、鰒知です。,"[[15, 17]]"
w201106-0002100300-2,この時ラングーンでチャンドラ・ボースに会見する。,"[[9, 14], [15, 18]]"
w201106-0002100300-3-01,後に『革命児チャンドラ・ボース』として児童向けのボースの伝記を書いている。,"[[6, 11], [12, 15], [24, 27]]"
w201106-0002100077-3,中心である理樹と葉留佳の気持ちをしっかりまとめたのが良かったですね。,"[[5, 7], [8, 11]]"
w201106-0002100275-1,彼女の心の拠り所は、幼なじみの尚人が奏でるピアノの音だった。,"[[15, 17]]"
w201106-0002100275-2,尚人はかつて神童と謳われたが、今はスランプに陥っていた。,"[[0, 2]]"
w201106-0002100275-3,優しさだけは昔と変わらない尚人だが、小夜子はピリピリとした尚人の空気を感じ取っていた。,"[[13, 15], [18, 21], [29, 31]]"
w201106-0002100249-1,セザール・フランクは、１８４７年頃に『人、山上で聞きしこと』を作曲している。,"[[0, 4], [5, 9]]"
w201106-0002100249-2,これはフランツ・リストより先に完成された史上初の交響詩といえる。,"[[3, 7], [8, 11]]"
w201106-0002100249-3,ただし、一般的には交響詩の発明者はリストであるとみなされることが多い。,"[[17, 20]]"
w201106-0002100212-1,ねぶた祭に若者がうかれている頃、阿久津に父の危篤の知らせが届く。,"[[16, 19]]"
w201106-0002100212-2,帰郷の準備をしていた阿久津のもとに、かつて無い大量の出水の知らせ。,"[[10, 13]]"
w201106-0002100164-1,杉野学園ドレスメーカー女学院卒業後、１９７１年にプロのモデルとしてデビューし、高田賢三や山本寛斎のショーで注目を集める。,"[[0, 2], [39, 43], [44, 48]]"
w201106-0002100211-2,しかし一体ヴィルトは何をしたんだ。,"[[5, 9]]"
w201106-0002100173-2,ナ・リーグのドワイト・グッデン共々、２１歳での受賞となった。,"[[6, 10], [11, 15]]"
w201106-0002100365-2,父親は同じく作曲家として活躍したアルフレッド・ニューマン。,"[[16, 22], [23, 28]]"
w201106-0002100365-3,一つ違いの弟であるトーマス・ニューマンも作曲家という音楽系の家庭に育った。,"[[9, 13], [14, 19]]"
w201106-0002100370-3,そのご、パルテノン神殿は多彩色であるという論を当時展開してたパリのフランツ・クリスチャン・ガウのもとで建築を学ぶ。,"[[33, 37], [38, 44], [45, 47]]"
w201106-0002100199-2,しかもアヴィニョンの教皇はローマに姿を現わすことはなく、しかたなくハインリヒは枢機卿から帝冠を受けることとなった。,"[[33, 38]]"
w201106-0002100200-3,しかし長老・くっくねの爺がさぶろうしを匿い、ゆのは村長・頭屋に預けられることになった。,"[[13, 18], [22, 24], [28, 30]]"
w201106-0002100016-1-01,その後香港の俳優で歌手、ニコラス・ツェーと交際していたが破局。,"[[12, 16], [17, 20]]"
w201106-0002100016-1-02,謝霆鋒,"[[0, 3]]"
w201106-0002100016-2-01,２００５年に中国の俳優、リー・ヤーポンと再婚した。,"[[12, 14], [15, 19]]"
w201106-0002100016-2-02,李亞鵬,"[[0, 3]]"
w201106-0002100016-3,リー・ヤーポンと再婚した後は仕事をセーブしている。,"[[0, 2], [3, 7]]"
w201106-0002100176-1,以前ブログ友さんに貰った「和也君の朝顔」の種まきを今夜しました。,"[[13, 15]]"
w201106-0002100176-3,トーマスの間に蒔きました。,"[[0, 4]]"
w201106-0002100162-2,川澄さんの活躍はやはり目を見張りました。,"[[0, 2]]"
w201106-0002100177-2,ディック・ブルーナが絵本を完成させるまでの様子がよくわかって感激。,"[[0, 4], [5, 9]]"
w201106-0002100363-1,世界中の様々な地域、特にオーストリアとハンガリーにおいて、クリスマス・シーズンの間聖ニコラウスに同行する。,"[[42, 47]]"
w201106-0002100363-3,良い子供にプレゼントを配る聖ニコラウスと対照的に、悪い子供に警告し罰を与えると信じられている。,"[[14, 19]]"
w201106-0002100000-1-01,これに対してポーランド貴族は、マーリアの妹ヘドヴィグを女王に推戴して同君連合を解消する。,"[[15, 19], [21, 26]]"
w201106-0002100000-1-03,ヤドヴィガ,"[[0, 5]]"
w201106-0002100000-2,ルクセンブルク家はポーランドの宿敵であるドイツ騎士団の支援者だったからである。,"[[0, 7]]"
w201106-0001996035-2,途方にくれながら家路についた三太郎は、その途中でねずみ男と出会った。,"[[14, 17]]"
w201106-0001939177-1,小坂先生の単行本「ハルコビヨリ４巻」が９月２０日に発売いたします。,"[[0, 2], [9, 12]]"
w201106-0001973492-1,さとまるさんの鳥居中心のブログです。,"[[0, 4]]"
w201106-0001918916-3,作新学院の経営者・船田中の秘書として２５年間勤める。,"[[9, 12]]"
w201106-0001983505-1,のこぎりでパーカッションとドラムを担当している柴田君の姪ごさんの個展をのぞいてきました。,"[[23, 25]]"
w201106-0001916537-1,湯島聖堂は言うまでも無く孔子を祭るところです。,"[[12, 14]]"
w201106-0001908336-1,野村不動産レジデンシャル投資法人が本日東証に上場した。,"[[0, 2]]"
w201106-0001984247-1,『クリムゾン・リバー』でブレイクしたジャン＝クリストフ・グランジェの処女作を読んでみた。,"[[18, 21], [22, 27], [28, 33]]"
w201106-0001984247-3,大学院で論文を書き上げた青年ルイは、鳥類研究家の伯父ベームから奇妙な依頼を受けた。,"[[14, 16], [26, 29]]"
w201106-0001971017-1,下田奉行の命によって、アメリカ領事ハリスの妾となったという。,"[[17, 20]]"
w201106-0001919383-1,プロデューサーのふうこから特報です。,"[[8, 11]]"
w201106-0001919383-3,８月２１日は、福山雅治さんの特集番組を放送します。,"[[7, 11]]"
w201106-0001971216-1,東京都に住む「お気楽主婦」こまです。,"[[13, 15]]"
w201106-0001972858-2,オバマ米大統領が共和党指導部とブッシュ減税の延長で合意したことを好感して買いが先行した。,"[[0, 3], [15, 19]]"
w201106-0001940380-1,バーバリーブルーレーベルのキュートでカワイイ商品を激安通販でご紹介していきます。,"[[0, 5]]"
w201106-0001908893-1,本日午後１時より、進藤先生による「バラの手入れ講習会」が行われました。,"[[9, 11]]"
w201106-0001958949-2,「津田寛治」が出演していたので見た。,"[[1, 5]]"
w201106-0001931124-2,村上春樹は大好きなのですが、見たいような見たくないような感じです。,"[[0, 4]]"
w201106-0001032464-1,というわけで、大変お久しぶりです、いたはしです。,"[[17, 21]]"
w201106-0001081645-1,スピードワゴンの小沢一敬に白羽の矢が立てられた。,"[[8, 12]]"
w201106-0001081645-2,民和党の幹事長、芹沢から直々に参議院選挙の立候補をお願いされたのだ。,"[[8, 10]]"
w201106-0001081645-3,信じられない様子の小沢に対して、芹沢は、あの手この手で説得を続ける。,"[[9, 11], [16, 18]]"
w201106-0001098843-2,和田アキ子サイバークローンは、下記の場所にカーソルを合わせると色々な表情をします。,"[[0, 5]]"
w201106-0001036993-1,短歌教室の有志２２人で、岡崎市北部の村積山に、登って、大給松平氏の奥殿陣屋を見てきた。,"[[29, 31]]"
w201106-0001042223-1,及川選手が追いかけてくることは予想通りだった。,"[[0, 2]]"
w201106-0001092389-1,道灌山通りの歩道橋から階段を上ると、新緑のまぶしい西日暮里公園が現れる。,"[[0, 2]]"
w201106-0001067306-1,グランカインは自由奔放な神であった。,"[[0, 6]]"
w201106-0001067306-2,自分の娘シーレンを誘惑するという大きな過ちも犯してしまった。,"[[4, 8]]"
w201106-0001067306-3,シーレンはグランカインの子を身ごもった。,"[[0, 4], [5, 11]]"
w201106-0001028405-3,曽我川も飛鳥川も富雄川も全て大和川が源流なんですね。,"[[0, 2]]"
w201106-0001051474-1-01,ノンフィクションライターの翔子は、元助産師・冬子への取材を続けている。,"[[13, 15], [22, 24]]"
w201106-0001051474-1-02,高畑淳子,"[[0, 4]]"
w201106-0001051474-1-03,市毛良枝,"[[0, 4]]"
w201106-0001051474-2,冬子は、一通の手紙を翔子に見せる。,"[[10, 12]]"
w201106-0001060124-1-01,バングラデシュ南部の中心都市ボリシャルの町工場で働くポラシュは２年前に農村から単身でやってきた。,"[[26, 30]]"
w201106-0001060124-3,ポラシュが生まれ育った村は貧しかった。,"[[0, 4]]"
w201106-0001020070-1,美味なる華を咲かせた瀬戸内海の旬をご堪能頂ける旅館「かわい寿し」です。,"[[26, 29]]"
w201106-0001026116-1,大正１２年６月９日に有島武郎がこの世を去ってから、今年で８７年が経ちます。,"[[10, 14]]"
w201106-0001026116-2,今年も当館では、有島晩年の野心作「星座」にちなみ、氏を偲び「星座忌」を開催いたします。,"[[8, 10]]"
w201106-0001041577-1,鎌倉時代、承久の変で隠岐国に流された後鳥羽上皇の火葬塚である。,"[[18, 21]]"
w201106-0001041577-2-01,１２２１年５月、後鳥羽上皇は時の鎌倉幕府執権北条義時を追討する院宣を下した。,"[[8, 11], [22, 26]]"
w201106-0001049842-2,この兼田式妊娠法で不妊解消を目指しましょう。,"[[2, 4]]"
w201106-0001082087-1,森下敬一氏の「自然医学」では体質改善を早めるのに役立ついくつかの要件をあげています。,"[[0, 4]]"
w201106-0001083211-3,古くから「一楽二萩三唐津」と謳われるほど、茶人好みの器を焼いてきたことで知られる焼き物である。,"[[6, 7]]"
w201106-0001034440-3,ここでは、三崎校長が指導しているアークを紹介します。,"[[5, 7]]"
w201106-0001092534-3,才市の残した含蓄深い句は人々の心を打つものがありました。,"[[0, 2]]"
w201106-0001041591-1,第６３回カンヌ国際映画祭コンペ部分に進出したチョン・ドヨン主演「下女」が公開初日の１３日、１７万の観客を集めた。,"[[22, 25], [26, 29]]"
w201106-0001041591-3-01,同日公開された「ロビンフッド」の２倍を超える観客動員力だ。,"[[8, 14]]"
w201106-0001049708-1,こちらは、観光地の一つ、マゼラン・クロスの飾られてる八角堂です。,"[[12, 16]]"
w201106-0001049708-3,またマゼラン・クロス周辺にはストリートチルドレンや、物売りが多いので納得された方だけ購入してください。,"[[2, 6]]"
w201106-0001044748-1,トヨタの豊田章男社長がアメリカの公聴会に呼ばれて、謝罪して涙を流した。,"[[4, 8]]"
w201106-0001014181-1,平成１７年４月１日より看護部門をあずかることになりました大島です。,"[[28, 30]]"
w201106-0001006591-1,松岡農水大臣の自殺がマスコミをにぎわしています。,"[[0, 2]]"
w201106-0001088035-1,三田証券くりっく３６５は、独自開発の取引所直結システムで運営されています。,"[[0, 2]]"
w201106-0001035935-1,杏と六太は２００５年１０月１８日に出会いました。,"[[0, 1], [2, 4]]"
w201106-0001035935-3,チビノラが何匹かいた中で、六太だけが逃げずに捕まえることができたそうです。,"[[13, 15]]"
w201106-0001018285-1,アイゲンはドイツの物理化学者で，１９２７年に生まれた。,"[[0, 4]]"
w201106-0001018285-2,ゲッティンゲン大学を卒業したのち，１９５３年からマックス・プランク物理化学研究所に入り，１９６４年に所長となった。,"[[24, 28], [29, 33]]"
w201106-0001018285-3,緩和法を用いて溶液内高速反応過程を研究し，１９６７年ノーリッシュ，ポーターらとともにノーベル化学賞を受賞した。,"[[26, 32], [33, 37], [42, 46]]"
w201106-0001062885-2,１９０４年聖護院洋画研究所に入り、浅井忠らに師事する。,"[[17, 20]]"
w201106-0001062885-3,同門には梅原竜三郎がいた。,"[[4, 9]]"
w201106-0001036422-1,高玉成は金城県に住み針の仕事をしていた。,"[[0, 3]]"
w201106-0001036422-2,ある日一人の乞食の陳がやってきた。,"[[9, 10]]"
w201106-0001036422-3,高は哀れに思い彼を離れにすまわせ、３度３度食事を与えた。,"[[0, 1]]"
w201106-0001002595-1,ここは，明治大学法学部教授夏井高人のオフィシャル・ホームページです。,"[[13, 17]]"
w201106-0001026031-1,小原病院ホームページへようこそおいでくださいました。,"[[0, 2]]"
w201106-0001026031-2,院長の福江英尚と申します。,"[[3, 7]]"
w201106-0001034780-1,県内のスキー場関係者は３日、盛岡市内丸の岩手日報社を訪れ、小野寺勲広告局長と懇談した。,"[[29, 33]]"
w201106-0001034780-3,岩手スキー場協会長の富井哲東北リゾートサービス社長、いわてウインターリゾート協議会長の高橋三男岩手ホテル＆リゾート専務、両団体副会長の今泉芳幸プリンスホテル東北総支配人が訪れた。,"[[10, 13], [43, 47], [67, 71]]"
w201106-0001047593-2,鳥取短期大学の山田修平学長と、タレントの荒木由美子さんをゲストに迎えて、分かりやすく講演してもらいます。,"[[7, 11], [20, 25]]"
w201106-0001042414-2,愛知県によって建てられた今川氏発祥地の石碑の横に、説明の碑があった。,"[[12, 14]]"
w201106-0001067859-3,ここでは若女将・和子の趣味の日々をご紹介します。,"[[8, 10]]"
w201106-0001081660-1,ハセガワの零戦を使って、料理用のアルミホイルを貼ってみましょう。,"[[0, 4]]"
w201106-0001754796-1,このブログは、おおたんが児童養護施設で勤務しながら感じたことを書いています。,"[[7, 9]]"
w201106-0001794216-2,前４１５年のヘルメス神像毀損事件の後、この事件およびエレウシスの秘儀冒涜事件に関与した容疑で捕らえられる。,"[[6, 10]]"
w201106-0001798564-1,今季渉内補佐を務めております高安です。,"[[14, 16]]"
w201106-0001788167-1,恵比須とは、七福神の一人です。,"[[0, 3]]"
w201106-0001777824-1,寺之内通は、豊臣秀吉の京都大改造後開かれた通りで寺が多い。,"[[6, 10]]"
w201106-0001729651-1,ヘンリー・テューダーはウェールズのペンブローク城で生まれた。,"[[0, 4], [5, 10]]"
w201106-0001729651-2,幼年時代は叔父ジャスパー・テューダーの保護を受け、ウェールズで暮らした。,"[[7, 12], [13, 18]]"
w201106-0001729651-3,１４６８年にはヨーク派に捕らえられるが、ヘンリー６世復位の１４７０年に釈放された。,"[[20, 24]]"
w201106-0001770097-2,今回、ブーゴーさんの家庭を訪問して、感動したことがありました。,"[[3, 7]]"
w201106-0001792952-1,鳥取県で会社設立サポートをしている行政書士薄竹善道事務所のホームページです。,"[[21, 25]]"
w201106-0001793692-3,ペンフィールドであったか、かなり以前、物質とは別に心・精神が存在することを証明した。,"[[0, 7]]"
w201106-0001774974-1,オリオールズの上原浩治投手は３—３の延長十回に５番手で登板し、１回を３者連続三振に仕留めた。,"[[7, 11]]"
w201106-0001747011-1,徳川家霊廟の前に、四体の石像がある。,"[[0, 2]]"
w201106-0001797783-2,まこと、われわれは、ホメロスの叙事詩によって、船の作り方まで学ぶことができる。,"[[10, 14]]"
w201106-0001766197-2,東京都葛飾区在住の３０代後半、最近は回路設計やら原稿書きやらやってる小松ってもんです。,"[[34, 36]]"
w201106-0001767873-3,２００８／４／１８当サイト運営代表者「蝶乃舞」の著書が発売されました。,"[[19, 22]]"
w201106-0001760304-1,わが社は佐川急便グループの一員として、佐川急便の営業拠点を結ぶ幹線輸送を行っています。,"[[4, 6], [19, 21]]"
w201106-0001779669-3,菅政権は北朝鮮の動向、有事の危機管理対策に万全を期すべきだ。,"[[0, 1]]"
w201106-0001780595-2,稲葉氏は久々のソロアルバムですね。,"[[0, 2]]"
w201106-0001765874-1,これは、雪野五月のプライベートホームページです。,"[[4, 8]]"
w201106-0001763187-1,ウイリアム・ケントリッジ展映像機器設置業務に係る契約を入札後資格確認型一般競争入札により行います。,"[[0, 5], [6, 12]]"
w201106-0001797563-1,こんにちは、採用ブログに書かせていただくのは久しぶりの村上です。,"[[27, 29]]"
w201106-0001797826-1,二宮の白い手が、突然僕の手を強く握った。,"[[0, 2]]"
w201106-0001760512-1,溝田整骨院は明るく、元気よくをコンセプトに地域密着型でアットホームな雰囲気の整骨院です。,"[[0, 2]]"
w201106-0001758112-1,渡野辺マントが猛然と描きあげた絵はどこかバンドっぽい。,"[[0, 6]]"
w201106-0001758112-2,チャンチキ楽団の珍道中を白崎映美に訊いてみた。,"[[12, 16]]"
w201106-0001737835-1,恵子は声を荒げて私に訴えかけた。,"[[0, 2]]"
w201106-0001759726-3,写真は新人隊員の安隨と災害救助犬のリキの勇姿です。,"[[8, 10]]"
w201106-0001713377-1,ネットの古本屋「縞馬商店」のうめちゃんの頭をよぎるよしなしごとを書きつらねます。,"[[14, 16]]"
w201106-0001741425-1,桜、病院に行ってきた。,"[[0, 1]]"
w201106-0001741425-3,昨日、桜は病院に行ってきました。,"[[3, 4]]"
w201106-0000414218-2,神戸海軍操練所が閉鎖されて行き場を失った龍馬たちをかばう。,"[[20, 22]]"
w201106-0000414218-3,龍馬の仲立ちによって敵対していた長州藩と手を結び、幕府を追い詰めていく。,"[[0, 2]]"
w201106-0000424137-1,民主党の小沢一郎元代表の政治倫理審査会の出席を巡り党内での対立が激化している。,"[[4, 8]]"
w201106-0000424137-2,新潟市内で１３日講演した岡田幹事長は、小沢氏には説明責任があると改めて強調した。,"[[12, 14], [19, 21]]"
w201106-0000460762-3,オリジナルグッズは会場インフォメーションセンター、金森洋物館、函館空港売店、函館山ロープウェイ売店、五稜郭タワー売店で販売しています。,"[[25, 27]]"
w201106-0000467346-1,箱根旅行のお土産に「田むら銀かつ亭」のドーナツをいただきました。,"[[10, 13]]"
w201106-0000416308-2,アインシュタインが自らを戒めるため、説いた言葉です。,"[[0, 8]]"
w201106-0000455971-3,行き先は、話題の坂本竜馬が新婚旅行に行ったという鹿児島県霧島市だ。,"[[8, 12]]"
w201106-0000446879-1,こんにちは、企画チームの梅辻です。,"[[12, 14]]"
w201106-0000469130-2,正木高志さんという方が書いた「出アメリカ記」という本です。,"[[0, 4]]"
w201106-0000469130-3,正木さんとは、２００４年のちょうど今頃に初めてお逢いしました。,"[[0, 2]]"
w201106-0000447430-1,私、相原正明の個人オフィスのホームページです。,"[[2, 6]]"
w201106-0000447430-2,当サイト「こちら相原正明行政文化小園」を平成１７年６月１日からスタート致しました。,"[[8, 12]]"
w201106-0000419163-1,金太郎が物を持ち上げて破壊していくゲームだよ。,"[[0, 3]]"
w201106-0000414269-1,第４代正統カリフ・アリーが暗殺されると、６６１年、シリア総督のムアーウィヤがカリフになり、ダマスカスにウマイヤ朝を開く。,"[[9, 12], [31, 37]]"
w201106-0000472072-1,若乃花は、左からおっつける。,"[[0, 3]]"
w201106-0000472072-2,貴乃花は、廻しが取れず苦戦する。,"[[0, 3]]"
w201106-0000472072-3,若乃花は、頭をつけて左から絞り寄り立てる。,"[[0, 3]]"
w201106-0000407741-3,死刑廃止論者だった千葉景子前法相が執行を命令し、制度の存廃論議も本格化しそうだ。,"[[9, 13]]"
w201106-0000496660-1,柔らかジューシーな松尾ジンギスカンとお野菜、うどんのコンビネーションをお楽しみください。,"[[9, 11]]"
w201106-0000472695-1,はじめましてだしソムリエとして活動をしています、鵜飼真妃と申します。,"[[24, 28]]"
w201106-0000416488-1,このサイトは、「東京、あっちこち」の著者小長谷清実さんと宮園洋さんの許可を得て掲載してます。,"[[20, 25], [28, 31]]"
w201106-0000411906-3-01,このたび、下記の３名の指導者に杉山融副学長から感謝状を贈呈しました。,"[[15, 18]]"
w201106-0000484399-2,ジョン・レノンが飲んだという珈琲もいただいてきました。,"[[0, 3], [4, 7]]"
w201106-0000451957-2,マイケル・ジャクソンの名曲「スリラー」と完全にシンクロし、華麗に点灯します。,"[[0, 4], [5, 10]]"
w201106-0000451957-3,ディズニーリゾート張りの凄すぎるイルミネーションに、驚きを通り越して、思わず笑ってしまいました。,"[[0, 5]]"
w201106-0000470635-3,マッドルアーは西岡忠司氏の手作りによる新ジャンルのルアーです。,"[[7, 11]]"
w201106-0000459260-1,１０周年記念特別号前編を担当致します市場真理子と申します。,"[[18, 23]]"
w201106-0000459260-3,私は、昨年独立し、市川の下でカバン持ちの修行を行なったものです。,"[[9, 11]]"
w201106-0000410648-3,ダニーファミリィが気に入ってくださっていればそれだけで結構です。,"[[0, 3]]"
w201106-0000432749-1,「森伊蔵」という言葉を聞いたことがあるでしょうか。,"[[1, 4]]"
w201106-0000432749-3,森伊蔵とは有名な焼酎のブランド名です。,"[[0, 3]]"
w201106-0000418954-1,半平太は幼い時に両親と死別し、祖母の智が半平太を育てた。,"[[0, 3], [18, 19], [20, 23]]"
w201106-0000418954-2,半平太はたったひとりの肉親である智をとても大切にしていた。,"[[0, 3], [16, 17]]"
w201106-0000418954-3,文武に優れた半平太も、智の看病のために江戸留学を断念せざるをえなかった。,"[[6, 9], [11, 12]]"
w201106-0000475788-1,赤塚不二夫は数多くの漫画作品を世に出していますが、なかでも３大ヒット作があるといわれています。,"[[0, 5]]"
w201106-0000475788-2,それは「天才バカボン」「おそ松くん」とあともう一つ「もーれつア太郎」です。,"[[6, 10], [12, 15], [30, 33]]"
w201106-0000475788-3,もーれつア太郎は、１９６７年から１９７０年まで週刊少年サンデーで連載をされた作品です。,"[[4, 7]]"
w201106-0000395748-2-01,日本の天才ピアニスト・上原ひろみさんは、恐るべきスピードで鍵盤をたたいた。,"[[11, 16]]"
w201106-0000395748-3,１９４０年代初めにニューヨークのジャズクラブ「ミントンズ」で活動していた、セロニアス・モンクの「オクトパス奏法」をほうふつとさせる指遣いだった。,"[[37, 42], [43, 46]]"
w201106-0000386078-2,日本政策投資銀行の藻谷浩介氏が書いた『デフレの正体』だ。,"[[9, 13]]"
w201106-0000386078-3,藻谷氏の論点は明解だ。,"[[0, 2]]"
w201106-0000335563-1,親はショット・バーを経営していて、そこではいつもマーヴィン・ゲイやダイアナ・ロスの楽曲が流れていた。,"[[24, 29], [30, 32], [33, 37], [38, 40]]"
w201106-0000364505-1,思わぬ親切をメメから受けたお蓑であったが、苛立ちが治まることはない。,"[[6, 8], [14, 15]]"
w201106-0000364505-3,そんな行為が自分を追いつめているとも思わない、心はささくれるばかり、お蓑に明日はあるのだろうか。,"[[35, 36]]"
w201106-0000374919-1,今年は秋刀魚が高くて買えない監督の畑中です。,"[[17, 19]]"
w201106-0000364459-2,作品賞、監督賞は天才数学者ジョン・ナッシュ博士の半生を描いた『ビューティフル・マインド』が受賞した。,"[[13, 16], [17, 21]]"
w201106-0000364459-3,同作品では、ジェニファー・コネリーが助演女優賞を受賞した他に、脚色賞も受賞し４冠に輝いた。,"[[6, 12], [13, 17]]"
w201106-0000394793-1,加藤清正は豊臣秀吉の代表的な家臣です。,"[[0, 4], [5, 9]]"
w201106-0000394793-2,秀吉の遠い親戚であり、小さい頃から秀吉に仕えてきました。,"[[0, 2], [17, 19]]"
w201106-0000394793-3,いくさにはとても強く、秀吉のいくさの最前線でいつも活躍していました。,"[[11, 13]]"
w201106-0000335177-2,仙谷行政刷新担当大臣、藤井財務大臣、そして鳩山総理から平成２２年度予算概算要求についての発言がございました。,"[[0, 2], [11, 13]]"
w201106-0000319270-1,むかしむかし、きっちょむさんと言う、とてもゆかいな人がいました。,"[[7, 12]]"
w201106-0000319270-2,きっちょむさんは、この頃、妙な事をはじめました。,"[[0, 5]]"
w201106-0000321512-2,元クラッシュのミック・ジョーンズをプロデューサーに迎え、荒削りなギターサウンドで人気者になりました。,"[[7, 10], [11, 16]]"
w201106-0000321512-3,しかし、フロントマンのピート・ドハーティは麻薬中毒でいろいろトラブルを起こし、バンドを去ってしまいました。,"[[11, 14], [15, 20]]"
w201106-0000357925-1,神戸の大島なえさんから「ほんの手帖」４５号が届きました。,"[[3, 7]]"
w201106-0000389279-1,第４期マイナビ女子オープン本戦１回戦第５局、里見香奈女流二冠−斎田晴子女流四段戦は９月２２日１０時に対局開始予定です。,"[[22, 26], [31, 35]]"
w201106-0000389279-2,本局の中継は棋譜・コメントを吟記者、ブログを銀杏が担当します。,"[[14, 15], [22, 24]]"
w201106-0000381587-1,緑膿菌は偏性好気性グラム陰性桿菌であり、土壌、河川、下水などの水中や、植物などの自然界に広く分布する。,"[[9, 12]]"
w201106-0000301153-1,パナソニックは米電気自動車ベンチャーのテスラ・モーターズと資本提携する。,"[[19, 22]]"
w201106-0000342594-3,ちゃーちゃんがおうちにきたの、去年なんだよ。,"[[0, 3]]"
w201106-0000305988-1,１０歳の少女デヴォンはケンタッキー州の裕福な住人が住むキャメロット・ガーデンに引っ越して来た。,"[[6, 10]]"
w201106-0000305988-2,しかし、デヴォンは偽善的な住人達と馴染めずにいた。,"[[4, 8]]"
w201106-0000305988-3,ある日、森の中でトレーラーに暮らす青年トレントと出会う。,"[[19, 23]]"
w201106-0000369461-1,桃吉から、その後の実家は大会社になり大金持ちになったと聞かされた。,"[[0, 2]]"
w201106-0000369461-2,オロは長年の肩の荷が下りた気がした。,"[[0, 2]]"
w201106-0000358643-1,この日、唯ちゃん達は音楽室に来なかった。,"[[4, 5]]"
w201106-0000358643-2,斎藤に渡されたチョコレートケーキは安全に食べられるものだった。,"[[0, 2]]"
w201106-0000222082-2,会議は、ロッド・エディントン豪日経済委員会会長及び三村明夫日豪経済委員会会長が共同議長を務めた。,"[[4, 7], [8, 14], [25, 29]]"
w201106-0000226378-1,鎌足に始まる藤原氏は、古代史で政治的に重要な役割を演じている。,"[[0, 2], [6, 8]]"
w201106-0000226378-2,藤原氏の各人物を整理するためにも正確に把握しておきたい。,"[[0, 2]]"
w201106-0000226378-3,古代・中世の藤原氏の人物５０人の問題データが入っています。,"[[6, 8]]"
w201106-0000216085-1,自己紹介：ペンネームは林檎乃麗といいます。,"[[11, 15]]"
w201106-0000216085-2,ネット上のハンドルでは「れい」と名乗っています。,"[[12, 14]]"
w201106-0000216655-1,渋谷で買い物してから、りかちゃんと待ち合わせ。,"[[11, 13]]"
w201106-0000235504-1,皆美家伝鯛めしは、皆美館初代板前長が考案し代々伝承されている味です。,"[[0, 2], [9, 11]]"
w201106-0000235504-2,今回は皆美グループ商品券「１０００円分」を５名様にプレゼントします。,"[[3, 5]]"
w201106-0000225209-1,今井雅之ゆかりの地を山口智充と巡るコーナーで紹介されました。,"[[0, 4], [10, 14]]"
w201106-0000200074-1,引き続き外務副大臣として、町村大臣を補佐しつつ仕事をすることになりました。,"[[13, 15]]"
w201106-0000259203-1,平成２２年７月２６日、菅総理は総理大臣官邸で、国家戦略室スタッフミーティング及び北岡伸一教授との意見交換会を開催しました。,"[[11, 12], [40, 44]]"
w201106-0000259203-3,その後、東京大学の北岡伸一教授を招き、日本の外交・安全保障政策の課題について意見交換しました。,"[[9, 13]]"
w201106-0000220930-3,阪神時代の恩師である岡田監督の下、もうひと花咲かせられるか。,"[[10, 12]]"
w201106-0000278024-1-01,ビザのことなら、経験豊富な『行政書士鎌田法務事務所』へお任せください。,"[[18, 20]]"
w201106-0000244286-3,シュタイナー教育にも興味があります。,"[[0, 6]]"
w201106-0000214500-1,山崎文栄堂のオフィスを訪問すると、手作りのウェルカムボードと従業員全員の明るい挨拶に迎えられる。,"[[0, 2]]"
w201106-0000217550-3,松岡農林水産副大臣の海外出張について報告があった。,"[[0, 2]]"
w201106-0000521263-1,カーメン・マクレエの声は独特の金属質です。,"[[0, 4], [5, 9]]"
w201106-0000574277-1,修道女見習いのマリアは、修道院では問題児だった。,"[[7, 10]]"
w201106-0000574277-2,そこで院長は、マリアをトラップ大佐の家に送り、７人の子供たちの家庭教師とした。,"[[7, 10], [11, 15]]"
w201106-0000574277-3,トラップ家に受け入れられたマリアは、やがて大佐への恋心に気づく。,"[[0, 4], [13, 16]]"
w201106-0000574115-3,１２時にホテルを出発、すぐ近くの小林さんご夫妻と合流してティンビスへ向かう。,"[[16, 18]]"
w201106-0000566881-1,スピルバーグ作品は、非常にわかりやすいと言われています。,"[[0, 6]]"
w201106-0000566881-2,もちろん、子供が見ても楽しめるのが、スピルバーグ作品の魅力です。,"[[18, 24]]"
w201106-0000541755-1,ムラタクンは紙の上にロボットを書いて組み立てながら大勢のロボットを生みだします。,"[[0, 3]]"
w201106-0000541755-2,ムラタクンのロボットからは呼吸音が聞こえてきます。,"[[0, 3]]"
w201106-0000541755-3,ムラタクンのロボットはやさしい涙をながします。,"[[0, 3]]"
w201106-0000511598-3-01,今日の運勢は夏城英さんによる占いです。,"[[6, 9]]"
w201106-0000511598-3-02,なつき・はな,"[[0, 3], [4, 6]]"
w201106-0000516787-1,潜水士・仙崎大輔は、設計主任の桜木らと共に施設へ向かう。,"[[4, 8], [15, 17]]"
w201106-0000516787-2,だが、救出作業の中、突然爆発が起こり、大輔らは施設内に取り残されてしまう。,"[[19, 21]]"
w201106-0000516787-3,大輔は知り合ったばかりの第七管区の服部とバディを組み、要救助者と共に無事帰還する道を探るのだが…。,"[[0, 2], [17, 19]]"
w201106-0000599918-1,こんにちは、インストラクターの大島です。,"[[15, 17]]"
w201106-0000590121-1,お客様のお好みのメルセデス車をリースでお乗りいただけます。,"[[8, 13]]"
w201106-0000590121-3,メルセデス・ベンツオートリースには、２つの方式があります。,"[[0, 5], [6, 9]]"
w201106-0000512490-2,日大三は初回に先制すると、４回にも横尾の本塁打などで３点を加えた。,"[[17, 19]]"
w201106-0000541427-1-01,オウム真理教の松本智津夫被告に対して死刑判決が出た。,"[[7, 12]]"
w201106-0000541427-1-02,麻原彰晃,"[[0, 4]]"
w201106-0000558638-3,本編をクリアするとセントシュタイン王からも手に入ります。,"[[9, 17]]"
w201106-0000523063-3,デビュー３５周年を迎え、さらなる円熟を魅せる岩崎宏美の世界をスペシャルディナーとともにお楽しみください。,"[[22, 26]]"
w201106-0000559042-1-01,ロバート・クビサは、２０１１年のチームメートを決定するのは自身の仕事ではないと主張している。,"[[0, 4], [5, 8]]"
w201106-0000559042-2-01,クビサは２０１０年シーズン、チームメートのビタリー・ペトロフよりも１００ポイント以上獲得している。,"[[0, 3], [21, 25], [26, 30]]"
w201106-0000559042-3,ペトロフは、多額の資金を持ち込み２０１１年もシートを確保できると考えられていた。,"[[0, 4]]"
w201106-0000535944-1,ともに２年の二塁手布施と遊撃の篠塚将を軸に守りを固める。,"[[9, 11], [15, 18]]"
w201106-0000535944-3,主戦の右腕児玉は１３０キロの勢いある直球と緩急をつけた変化球で勝負する。,"[[5, 7]]"
w201106-0000512493-3,商品開発担当スタッフとして「フラバンジェノール」の開発にあたった、当社薬学博士の阪田泰子のレポートをご紹介します。,"[[40, 44]]"
w201106-0000505573-3,阿部寛さんは、ゼリーが大好きなのでお土産に選んでいました。,"[[0, 3]]"
w201106-0000587015-1,新大陸を発見する為に美香子の協力を得て、そらおとカフェを乗っ取ることに成功した。,"[[10, 13], [20, 23]]"
w201106-0000517821-1,アルファメール／アルファメールプレミアは、大塚商会が提供する法人向けホスティングサービスです。,"[[21, 23]]"
w201106-0000570500-1,ワヒド派の０９年総選挙への参加危ぶまれる。,"[[0, 3]]"
w201106-0000596735-1,エドガーケイシーは、アメリカの偉大な予言者として知られている。,"[[0, 8]]"
w201106-0000517773-2,ご購入いただいた書籍やオライリー・ジャパンへのご感想やご意見、ご提案などをお聞かせください。,"[[11, 16]]"
w201106-0000514332-1,「宋メール」は宋自身が読者のご参考のため提供する個人の考えです。,"[[1, 2], [7, 8]]"
w201106-0000514332-2,「宋メール」は正論や結論ではなく、独自な視線を提供します。,"[[1, 2]]"
w201106-0000514332-3,「宋メール」は個性的なゲスト・オピニオンを用意します。,"[[1, 2]]"
w201106-0000523217-2,劇中に流れたソロ・ギターがいいなあ、と思ったらジョニー・グリーンウッドだった。,"[[23, 27], [28, 35]]"
w201106-0000523217-3,緑役の女の子の空気感が、意外にもぼくが思い描いていた緑のイメージとぴったり重なっていた。,"[[0, 1], [26, 27]]"
w201106-0000540202-1,本年度補正予算の成立と引き換えに、仙谷由人官房長官と馬淵澄夫国土交通相の問責決議案が参院で可決された。,"[[17, 21], [26, 30]]"
w201106-0000559355-1-01,１１月１日に初日を迎えた明治座の「取り立てやお春」に波乃久里子が出演しております。,"[[23, 24], [26, 31]]"
w201106-0000559355-2,マキノノゾミ作・演出の元禄時代の品川を舞台にした人情コメディです。,"[[0, 6]]"
w201106-0000559355-3,波乃久里子は品川遊廓・扇屋の主人お龍役で出演いたします。,"[[0, 5], [17, 18]]"
w201106-0000515360-3,テーマは多摩の歴史を学ぶうえで欠かせない「玉川上水」です。,"[[21, 23]]"
w201106-0000518081-1,わたしは、兵庫県警察のシンボルマスコット「まもりちゃん」です。,"[[21, 24]]"
w201106-0000585187-2-01,さて、弊社旭川マリー・カトリーヌ店は、７月２０日をもちまして、閉店することとなりました。,"[[7, 10], [11, 16]]"
w201106-0000549772-1,はじめまして、私は有限会社志村の代表を務めます志村昌洋と申します。,"[[13, 15], [23, 27]]"
w201106-0000525082-2,四月一日をはじめとする主要キャラクターは引き続き同じキャスト陣で演じられます。,"[[0, 4]]"
w201106-0000501860-1,まだ最終回の放送前ですが『崖っぷちのエリー』の打ち上げがありました。,"[[18, 21]]"
w201106-0000501860-3,大杉さんや渡辺えりさんらを始め、著名な皆さんは人を惹き込む力を持っている。,"[[0, 2], [5, 9]]"
w201106-0000592761-1-01,５９４年聖徳太子の創建と伝える。,"[[4, 6]]"
w201106-0000592761-2,初代は聖徳太子の乳人玉照姫である。,"[[3, 5], [10, 12]]"
w201106-0000581696-1,ラ・サマンナは、セント・マーティンの美しくリラックスした環境でのウェディングやパーティーを行うのに最適です。,"[[12, 17]]"
w201106-0000559188-2,「理性は神が魂に点火した光なり」とアリストテレスは「修辞学」で述べています。,"[[17, 24]]"
w201106-0000501693-1,岡崎市の税理士、公認会計士、大国会計事務所です。,"[[14, 16]]"
w201106-0000523131-1,ジャズ・ピアニストの中でレイ・ブライアントが一番好きな時代がありました。,"[[12, 14], [15, 21]]"
w201106-0000523131-3,好きになったプレイヤーのアルバムはどうしてもいろいろ聴いてみたくなりますから、レイ・ブライアントのもかなり買って聴いたんです。,"[[39, 41], [42, 48]]"
w201106-0000534471-3,１９５６年、シュトゥッツガルトのダイムラー・ベンツ社に入社し、デザイン部にてメルセデス・ベンツの車体スタイリストとしてデザイン活動を始める。,"[[16, 21], [22, 25], [38, 43], [44, 47]]"
w201106-0000563879-2,今週秘技コード速報をお届けする『ラジアントヒストリア』の主人公ストックは、「白示録」という時空移動能力を手に入れることになります。,"[[31, 35]]"
w201106-0000539750-2,「おっ越し坂」の名前の由来は、頼朝伝説の一つだそうです。,"[[15, 17]]"
w201106-0000530416-2,本日はホームページ用の写真撮影を行い、プロカメラマンの川瀬一絵さんに撮影をお願い致しました。,"[[27, 31]]"
w201106-0000530416-3,ブログの写真は私が写したデジカメ写真ですが、ホームページには、川瀬さんが写した写真を掲載します。,"[[31, 33]]"
w201106-0000570423-1,美術家・森村泰昌さんから展覧会の感想を頂きました。,"[[4, 8]]"
w201106-0000570423-2,カンディンスキー展サイト内「展覧会の感想」ページを更新しました。,"[[0, 8]]"
w201106-0000570423-3,第一弾は、現代美術家の森村泰昌さんから展覧会の感想を頂きました。,"[[11, 15]]"
w201106-0000558195-3,奥さんと２歳のきょうこを連れての家族旅行である。,"[[7, 11]]"
w201106-0000596564-1,足利義詮の塔所で、院号により宝筐院という。,"[[0, 4]]"
w201106-0000596564-2,南北朝時代敵味方に分かれた楠木正行と足利義詮の墓が仲良く並んでいる。,"[[13, 17], [18, 22]]"
w201106-0000596564-3,これは義詮が正行の人柄を慕い、そばに葬るように遺言したためといわれる。,"[[3, 5], [6, 8]]"
w201106-0000506015-2,ブライト・ノアの鈴置洋孝さんとセイラ・マスの井上瑤さんのお名前がないのが寂しゅうございます。,"[[0, 4], [5, 7], [8, 12], [15, 18], [19, 21], [22, 25]]"
